32.2231795890976,104.856321820193,2.46201938253052,223.0,80.0,148.91000194228658,5.0,5.0,3.331672807937345,2.592554522187677e+18,0.0,0.0,0.0,0.0,0.0,0.0,0.0,0.0,0.0,0.0,0.0,0.0,0.0,0.0,0.0,0.0,0.0,0.0,0.0,0.0,0.0,0.0,0.0,0.0,0.0,0.0,0.0,0.0,0.0,0.0,0.0,0.0,0.0,0.0,0.0,0.0,0.0,0.0,0.0,0.0,0.0,0.0,0.0,0.0,0.0,0.0,0.0,0.0,0.0,0.0,0.0,0.0,0.0,0.0,0.0,0.0,0.0,0.0,0.0,0.0,0.0,0.0,0.0,0.0,0.0,0.0,0.0,0.0,0.0,0.0,0.0,0.0,0.0,0.0,0.0,0.0,0.0,0.0,0.0,0.0,0.0,0.0,0.0,0.0,0.0,0.0,0.0,1.5956720547810592e+16,3.1913441095621184e+16,4.445989245722218e+16,5.700634381882317e+16,6.940385982836017e+16,8.180137583789718e+16,8.256818441212062e+16,8.333499298634406e+16,7.275621873332848e+16,6.21774444803129e+16,5.388330886467553e+16,4.558917324903815e+16,5.336939300970125e+16,6.114961277036434e+16,7.036240219450982e+16,7.957519161865533e+16,8.424028831983416e+16,8.890538502101298e+16,8.92348805060377e+16,8.956437599106243e+16,8.659215211695875e+16,8.361992824285504e+16,7.738767010872442e+16,7.115541197459378e+16,6.604544098315784e+16,6.0935469991721896e+16,7.299410670366704e+16,8.505274341561218e+16,1.1022821093054587e+17,1.3540367844547952e+17,1.589461727405016e+17,1.8248866703552365e+17,1.9404820980241805e+17,2.056077525693125e+17,2.005871898661239e+17,1.9556662716293526e+17,1.7670878232920768e+17,1.5785093749548016e+17,1.3308439902983486e+17,1.0831786056418955e+17,9.569165457069504e+16,8.306544857720054e+16,8.696319115985998e+16,9.08609337425194e+16,9.066435187929854e+16,9.046777001607768e+16,8.072654931503091e+16,7.098532861398414e+16,5.713459204694172e+16,4.3283855479899304e+16,3.9273994723051864e+16,3.526413396620442e+16,4.450261258600204e+16,5.3741091205799656e+16,6.049147424545886e+16,6.724185728511808e+16,6.3202918630354536e+16,5.9163979975590984e+16,4.531384476701932e+16,3.1463709558447652e+16,1.5731854779223826e+16,0.0,0.0,0.0,0.0,0.0,0.0,0.0,0.0,0.0,0.0,0.0,0.0,0.0,0.0,0.0,0.0,0.0,0.0,0.0,0.0,0.0,0.0,0.0,0.0,0.0,0.0,0.0,0.0,0.0,0.0,0.0,0.0,0.0,0.0,0.0,0.0,0.0,0.0,0.0,0.0,0.0,0.0,0.0,0.0,0.0,0.0,0.0,0.0,0.0,0.0,0.0,0.0,0.0,0.0,0.0,0.0,0.0,0.0,0.0,0.0,0.0,0.0,0.0,0.0,0.0,0.0,0.0,0.0,0.0,0.0,0.0,0.0,0.0,0.0,0.0,0.0,0.0,0.0,0.0,0.0,0.0,0.0,0.0,0.0,0.0,0.0,0.0,0.0,0.0,0.0,0.0,0.0
32.2323223788387,104.844728920354,7.18980823265266,223.0,65.0,150.36586492993996,5.0,5.0,2.8402102276542025,2.2101209494900283e+18,0.0,0.0,0.0,0.0,0.0,0.0,0.0,0.0,0.0,0.0,0.0,0.0,0.0,0.0,0.0,0.0,0.0,0.0,0.0,0.0,0.0,0.0,0.0,0.0,0.0,0.0,0.0,0.0,0.0,0.0,0.0,0.0,0.0,0.0,0.0,0.0,0.0,0.0,0.0,0.0,0.0,0.0,0.0,0.0,0.0,0.0,0.0,0.0,0.0,0.0,0.0,0.0,0.0,0.0,0.0,0.0,0.0,0.0,0.0,0.0,0.0,0.0,0.0,0.0,0.0,0.0,0.0,0.0,0.0,0.0,0.0,0.0,0.0,0.0,0.0,0.0,0.0,0.0,0.0,0.0,0.0,0.0,0.0,0.0,0.0,0.0,0.0,1.3133685924943576e+16,2.626737184988715e+16,4.165638762033768e+16,5.7045403390788216e+16,6.827627006527512e+16,7.950713673976203e+16,8.01820702910419e+16,8.085700384232178e+16,7.138826523845009e+16,6.191952663457838e+16,5.397260557775904e+16,4.60256845209397e+16,5.043532301170219e+16,5.4844961502464696e+16,5.991337738190042e+16,6.498179326133613e+16,6.7017606584047096e+16,6.905341990675808e+16,6.907464126673434e+16,6.909586262671056e+16,6.765308826799175e+16,6.6210313909272936e+16,6.198293674733545e+16,5.775555958539796e+16,5.11457674763349e+16,4.453597536727183e+16,5.161165398855914e+16,5.8687332609846456e+16,8.222370309926187e+16,1.057600735886773e+17,1.2949581353866003e+17,1.5323155348864275e+17,1.6558235272752672e+17,1.779331519664107e+17,1.7535397817553194e+17,1.727748043846532e+17,1.5612057528988755e+17,1.3946634619512189e+17,1.1703520515773155e+17,9.460406412034123e+16,8.612777766403128e+16,7.765149120772133e+16,8.21688845051429e+16,8.668627780256446e+16,8.39223242021564e+16,8.115837060174832e+16,6.865875528151273e+16,5.615913996127714e+16,4.106708506917963e+16,2.5975030177082136e+16,2.279801239914511e+16,1.962099462120809e+16,3.027093439293062e+16,4.092087416465315e+16,4.8794540843965624e+16,5.6668207523278104e+16,5.531260314242715e+16,5.395699876157619e+16,4.236161196965622e+16,3.076622517773624e+16,1.538311258886812e+16,0.0,0.0,0.0,0.0,0.0,0.0,0.0,0.0,0.0,0.0,0.0,0.0,0.0,0.0,0.0,0.0,0.0,0.0,0.0,0.0,0.0,0.0,0.0,0.0,0.0,0.0,0.0,0.0,0.0,0.0,0.0,0.0,0.0,0.0,0.0,0.0,0.0,0.0,0.0,0.0,0.0,0.0,0.0,0.0,0.0,0.0,0.0,0.0,0.0,0.0,0.0,0.0,0.0,0.0,0.0,0.0,0.0,0.0,0.0,0.0,0.0,0.0,0.0,0.0,0.0,0.0,0.0,0.0,0.0,0.0,0.0,0.0,0.0,0.0,0.0,0.0,0.0,0.0,0.0,0.0,0.0,0.0,0.0,0.0,0.0,0.0,0.0,0.0,0.0,0.0,0.0,0.0
32.2486586695095,104.824012209324,11.3706888080417,223.0,50.0,152.92803382411444,5.0,5.0,2.22608797917215,1.7322392653447252e+18,0.0,0.0,0.0,0.0,0.0,0.0,0.0,0.0,0.0,0.0,0.0,0.0,0.0,0.0,0.0,0.0,0.0,0.0,0.0,0.0,0.0,0.0,0.0,0.0,0.0,0.0,0.0,0.0,0.0,0.0,0.0,0.0,0.0,0.0,0.0,0.0,0.0,0.0,0.0,0.0,0.0,0.0,0.0,0.0,0.0,0.0,0.0,0.0,0.0,0.0,0.0,0.0,0.0,0.0,0.0,0.0,0.0,0.0,0.0,0.0,0.0,0.0,0.0,0.0,0.0,0.0,0.0,0.0,0.0,0.0,0.0,0.0,0.0,0.0,0.0,0.0,0.0,0.0,0.0,0.0,0.0,0.0,0.0,0.0,0.0,0.0,0.0,1.112823100503746e+16,2.225646201007492e+16,3.909385214372067e+16,5.593124227736641e+16,6.860822792047532e+16,8.128521356358424e+16,8.391822375543802e+16,8.65512339472918e+16,8.092177173609586e+16,7.529230952489994e+16,6.694931319789795e+16,5.860631687089597e+16,5.342777753168801e+16,4.824923819248006e+16,4.5297727825294696e+16,4.234621745810933e+16,4.0196525363887064e+16,3.804683326966478e+16,3.737485672296984e+16,3.670288017627491e+16,3.7167464902151896e+16,3.763204962802889e+16,3.614642164232276e+16,3.4660793656616644e+16,2.904819462546512e+16,2.34355955943136e+16,2.4931778584835296e+16,2.642796157535699e+16,4.556693701484558e+16,6.470591245433417e+16,8.674782055172443e+16,1.0878972864911469e+17,1.2302251009806371e+17,1.3725529154701275e+17,1.3847379638864997e+17,1.3969230123028715e+17,1.2698890781056022e+17,1.1428551439083328e+17,9.648131365839506e+16,7.867711292595682e+16,7.397987981057096e+16,6.928264669518511e+16,7.235016206028778e+16,7.541767742539043e+16,6.917857226886492e+16,6.293946711233941e+16,4.875624666198941e+16,3.4573026211639412e+16,2.134588766263597e+16,8118749113632520.0,1.0349466747418402e+16,1.2580184381204284e+16,2.239883967967223e+16,3.2217494978140184e+16,4.014261037952837e+16,4.806772578091655e+16,4.8586963844977224e+16,4.910620190903791e+16,3.9106042351890104e+16,2.91058827947423e+16,1.455294139737115e+16,0.0,0.0,0.0,0.0,0.0,0.0,0.0,0.0,0.0,0.0,0.0,0.0,0.0,0.0,0.0,0.0,0.0,0.0,0.0,0.0,0.0,0.0,0.0,0.0,0.0,0.0,0.0,0.0,0.0,0.0,0.0,0.0,0.0,0.0,0.0,0.0,0.0,0.0,0.0,0.0,0.0,0.0,0.0,0.0,0.0,0.0,0.0,0.0,0.0,0.0,0.0,0.0,0.0,0.0,0.0,0.0,0.0,0.0,0.0,0.0,0.0,0.0,0.0,0.0,0.0,0.0,0.0,0.0,0.0,0.0,0.0,0.0,0.0,0.0,0.0,0.0,0.0,0.0,0.0,0.0,0.0,0.0,0.0,0.0,0.0,0.0,0.0,0.0,0.0,0.0,0.0,0.0
32.2702608499913,104.796612397479,14.8927689400555,223.0,40.0,157.87838600154322,5.0,5.0,1.6221238881034128,1.262262192023223e+18,0.0,0.0,0.0,0.0,0.0,0.0,0.0,0.0,0.0,0.0,0.0,0.0,0.0,0.0,0.0,0.0,0.0,0.0,0.0,0.0,0.0,0.0,0.0,0.0,0.0,0.0,0.0,0.0,0.0,0.0,0.0,0.0,0.0,0.0,0.0,0.0,0.0,0.0,0.0,0.0,0.0,0.0,0.0,0.0,0.0,0.0,0.0,0.0,0.0,0.0,0.0,0.0,0.0,0.0,0.0,0.0,0.0,0.0,0.0,0.0,0.0,0.0,0.0,0.0,0.0,0.0,0.0,0.0,0.0,0.0,0.0,0.0,0.0,0.0,0.0,0.0,0.0,0.0,0.0,0.0,0.0,0.0,0.0,0.0,0.0,0.0,0.0,1.1090044498456906e+16,2.2180088996913812e+16,3.96428427699658e+16,5.710559654301781e+16,7.080437935822363e+16,8.450316217342946e+16,9.090619735980714e+16,9.730923254618483e+16,9.504754592207371e+16,9.278585929796261e+16,8.226076581463442e+16,7.173567233130622e+16,5.729056641944331e+16,4.284546050758039e+16,3.1778090875334056e+16,2.071072124308772e+16,1.5236935453455514e+16,9763149663823306.0,8384643902022802.0,7006138140222298.0,7836414936748535.0,8666691733274772.0,8623840439136823.0,8580989144998877.0,6969155214351480.0,5357321283704086.0,5346011362875987.0,5334701442047890.0,1.7676243892245616e+16,3.0017786342443344e+16,4.768804676718016e+16,6.535830719191697e+16,7.96244974330392e+16,9.389068767416144e+16,9.762746732547413e+16,1.0136424697678682e+17,9.230408130621598e+16,8.32439156356452e+16,6.99952986068664e+16,5.674668157808758e+16,5.459705606793306e+16,5.244743055777851e+16,5.226180200226632e+16,5.207617344675412e+16,4.3978815895803224e+16,3.5881458344852332e+16,2.484687844980698e+16,1.381229855476163e+16,6910950131091768.0,9601707421905.55,5317343533035760.0,1.0625085358649618e+16,1.926689847048846e+16,2.7908711582327296e+16,3.466215644029247e+16,4.141560129825764e+16,4.074899036552626e+16,4.008237943279487e+16,3.178971036291229e+16,2.3497041293029692e+16,1.1748520646514846e+16,0.0,0.0,0.0,0.0,0.0,0.0,0.0,0.0,0.0,0.0,0.0,0.0,0.0,0.0,0.0,0.0,0.0,0.0,0.0,0.0,0.0,0.0,0.0,0.0,0.0,0.0,0.0,0.0,0.0,0.0,0.0,0.0,0.0,0.0,0.0,0.0,0.0,0.0,0.0,0.0,0.0,0.0,0.0,0.0,0.0,0.0,0.0,0.0,0.0,0.0,0.0,0.0,0.0,0.0,0.0,0.0,0.0,0.0,0.0,0.0,0.0,0.0,0.0,0.0,0.0,0.0,0.0,0.0,0.0,0.0,0.0,0.0,0.0,0.0,0.0,0.0,0.0,0.0,0.0,0.0,0.0,0.0,0.0,0.0,0.0,0.0,0.0,0.0,0.0,0.0,0.0,0.0
32.2952860240861,104.764863141764,17.7497379642719,223.0,30.0,162.75429096991115,5.0,5.0,1.1551578594374903,8.988907089527208e+17,0.0,0.0,0.0,0.0,0.0,0.0,0.0,0.0,0.0,0.0,0.0,0.0,0.0,0.0,0.0,0.0,0.0,0.0,0.0,0.0,0.0,0.0,0.0,0.0,0.0,0.0,0.0,0.0,0.0,0.0,0.0,0.0,0.0,0.0,0.0,0.0,0.0,0.0,0.0,0.0,0.0,0.0,0.0,0.0,0.0,0.0,0.0,0.0,0.0,0.0,0.0,0.0,0.0,0.0,0.0,0.0,0.0,0.0,0.0,0.0,0.0,0.0,0.0,0.0,0.0,0.0,0.0,0.0,0.0,0.0,0.0,0.0,0.0,0.0,0.0,0.0,0.0,0.0,0.0,0.0,0.0,0.0,0.0,0.0,0.0,0.0,0.0,1.3115987568279956e+16,2.623197513655991e+16,4.354703036055989e+16,6.086208558455987e+16,7.41977272190195e+16,8.753336885347914e+16,9.47817886000245e+16,1.0203020834656987e+17,1.0016442276436976e+17,9.829863718216966e+16,8.543877670535315e+16,7.257891622853662e+16,5.399085450191482e+16,3.5402792775293004e+16,2.1271025848935324e+16,7139258922577645.0,3569629461288822.5,0.0,0.0,0.0,0.0,0.0,0.0,0.0,0.0,0.0,0.0,0.0,5477485411891631.0,1.0954970823783262e+16,2.145412599007264e+16,3.1953281156362028e+16,4.2161335378784376e+16,5.236938960120672e+16,5.566101228038391e+16,5.89526349595611e+16,5.332247709974299e+16,4.769231923992487e+16,3.906748922270716e+16,3.0442659205489436e+16,2.8354860799822464e+16,2.6267062394155492e+16,2.4718217395174172e+16,2.3169372396192852e+16,1.7722715440754432e+16,1.227605848531601e+16,7167111788850067.0,2058165092384122.0,1029082546192061.0,0.0,5071619612708104.0,1.0143239225416208e+16,1.7477386736576664e+16,2.4811534247737116e+16,2.8886240021111948e+16,3.2960945794486784e+16,3.0961878822973316e+16,2.896281185145984e+16,2.238091665047953e+16,1.5799021449499208e+16,7899510724749604.0,0.0,0.0,0.0,0.0,0.0,0.0,0.0,0.0,0.0,0.0,0.0,0.0,0.0,0.0,0.0,0.0,0.0,0.0,0.0,0.0,0.0,0.0,0.0,0.0,0.0,0.0,0.0,0.0,0.0,0.0,0.0,0.0,0.0,0.0,0.0,0.0,0.0,0.0,0.0,0.0,0.0,0.0,0.0,0.0,0.0,0.0,0.0,0.0,0.0,0.0,0.0,0.0,0.0,0.0,0.0,0.0,0.0,0.0,0.0,0.0,0.0,0.0,0.0,0.0,0.0,0.0,0.0,0.0,0.0,0.0,0.0,0.0,0.0,0.0,0.0,0.0,0.0,0.0,0.0,0.0,0.0,0.0,0.0,0.0,0.0,0.0,0.0,0.0,0.0,0.0,0.0,0.0
32.3224619116491,104.730375767523,20.0562836186236,223.0,25.0,168.12958267760933,5.0,5.0,0.7103480606177703,5.5276018476196045e+17,0.0,0.0,0.0,0.0,0.0,0.0,0.0,0.0,0.0,0.0,0.0,0.0,0.0,0.0,0.0,0.0,0.0,0.0,0.0,0.0,0.0,0.0,0.0,0.0,0.0,0.0,0.0,0.0,0.0,0.0,0.0,0.0,0.0,0.0,0.0,0.0,0.0,0.0,0.0,0.0,0.0,0.0,0.0,0.0,0.0,0.0,0.0,0.0,0.0,0.0,0.0,0.0,0.0,0.0,0.0,0.0,0.0,0.0,0.0,0.0,0.0,0.0,0.0,0.0,0.0,0.0,0.0,0.0,0.0,0.0,0.0,0.0,0.0,0.0,0.0,0.0,0.0,0.0,0.0,0.0,0.0,0.0,0.0,0.0,0.0,0.0,0.0,1.2086479267686156e+16,2.417295853537231e+16,3.820394270221812e+16,5.223492686906393e+16,6.375198584221581e+16,7.526904481536768e+16,8.082858515780126e+16,8.638812550023486e+16,8.350510346735594e+16,8.062208143447704e+16,6.7614669739917976e+16,5.4607258045358936e+16,3.825829320466798e+16,2.190932836397704e+16,1.155293598664689e+16,1196543609316741.2,598271804658370.6,0.0,0.0,0.0,0.0,0.0,0.0,0.0,0.0,0.0,6645336580916.753,13290673161833.506,1020799060281565.6,2028307447401298.0,5804642618011133.0,9580977788620968.0,1.408549374362664e+16,1.859000969863231e+16,2.0623550570128868e+16,2.2657091441625424e+16,1.981807639758881e+16,1.697906135355219e+16,1.2607057058642576e+16,8235052763732962.0,6917969524440257.0,5600886285147550.0,4228496831846328.0,2856107378545107.0,1428053689272553.5,0.0,0.0,0.0,0.0,0.0,3184463022256207.0,6368926044512414.0,1.142759421489787e+16,1.6486262385283326e+16,1.8474981740292676e+16,2.046370109530202e+16,1.8776787282117908e+16,1.7089873468933798e+16,1.3250121616637254e+16,9410369764340716.0,4705184882170358.0,0.0,0.0,0.0,0.0,0.0,0.0,0.0,0.0,0.0,0.0,0.0,0.0,0.0,0.0,0.0,0.0,0.0,0.0,0.0,0.0,0.0,0.0,0.0,0.0,0.0,0.0,0.0,0.0,0.0,0.0,0.0,0.0,0.0,0.0,0.0,0.0,0.0,0.0,0.0,0.0,0.0,0.0,0.0,0.0,0.0,0.0,0.0,0.0,0.0,0.0,0.0,0.0,0.0,0.0,0.0,0.0,0.0,0.0,0.0,0.0,0.0,0.0,0.0,0.0,0.0,0.0,0.0,0.0,0.0,0.0,0.0,0.0,0.0,0.0,0.0,0.0,0.0,0.0,0.0,0.0,0.0,0.0,0.0,0.0,0.0,0.0,0.0,0.0,0.0,0.0,0.0,0.0
32.3507673678601,104.694444041929,21.9678796312896,223.0,20.0,172.43458250614202,5.0,5.0,0.3356565200770287,2.6119246372402016e+17,0.0,0.0,0.0,0.0,0.0,0.0,0.0,0.0,0.0,0.0,0.0,0.0,0.0,0.0,0.0,0.0,0.0,0.0,0.0,0.0,0.0,0.0,0.0,0.0,0.0,0.0,0.0,0.0,0.0,0.0,0.0,0.0,0.0,0.0,0.0,0.0,0.0,0.0,0.0,0.0,0.0,0.0,0.0,0.0,0.0,0.0,0.0,0.0,0.0,0.0,0.0,0.0,0.0,0.0,0.0,0.0,0.0,0.0,0.0,0.0,0.0,0.0,0.0,0.0,0.0,0.0,0.0,0.0,0.0,0.0,0.0,0.0,0.0,0.0,0.0,0.0,0.0,0.0,0.0,0.0,0.0,0.0,0.0,0.0,0.0,0.0,0.0,7096628084166547.0,1.4193256168333094e+16,2.2125943779472384e+16,3.005863139061168e+16,3.8627718573546024e+16,4.719680575648037e+16,5.0334072734728e+16,5.347133971297564e+16,4.991948606454464e+16,4.636763241611365e+16,3.690730336086983e+16,2.744697430562602e+16,1.8063694026686852e+16,8680413747747685.0,4340206873873842.5,0.0,0.0,0.0,0.0,0.0,0.0,0.0,0.0,0.0,0.0,0.0,0.0,0.0,0.0,0.0,0.0,0.0,766383604679256.9,1532767209358513.8,1983222490910257.8,2433677772462002.5,2033923670971976.2,1634169569481950.8,1108594415518576.4,583019261555202.2,291509630777601.1,0.0,0.0,0.0,0.0,0.0,0.0,0.0,0.0,0.0,1008100863726521.1,2016201727453042.2,4125110503582984.5,6234019279712927.0,7117386227094097.0,8000753174475267.0,7377898606805588.0,6755044039135909.0,5671401115816560.0,4587758192497212.0,2293879096248606.0,0.0,0.0,0.0,0.0,0.0,0.0,0.0,0.0,0.0,0.0,0.0,0.0,0.0,0.0,0.0,0.0,0.0,0.0,0.0,0.0,0.0,0.0,0.0,0.0,0.0,0.0,0.0,0.0,0.0,0.0,0.0,0.0,0.0,0.0,0.0,0.0,0.0,0.0,0.0,0.0,0.0,0.0,0.0,0.0,0.0,0.0,0.0,0.0,0.0,0.0,0.0,0.0,0.0,0.0,0.0,0.0,0.0,0.0,0.0,0.0,0.0,0.0,0.0,0.0,0.0,0.0,0.0,0.0,0.0,0.0,0.0,0.0,0.0,0.0,0.0,0.0,0.0,0.0,0.0,0.0,0.0,0.0,0.0,0.0,0.0,0.0,0.0,0.0,0.0,0.0,0.0,0.0
32.3799869711061,104.657340253074,23.46997760236,223.0,15.0,175.58291876250155,5.0,5.0,0.10608674825237914,8.255182749958184e+16,0.0,0.0,0.0,0.0,0.0,0.0,0.0,0.0,0.0,0.0,0.0,0.0,0.0,0.0,0.0,0.0,0.0,0.0,0.0,0.0,0.0,0.0,0.0,0.0,0.0,0.0,0.0,0.0,0.0,0.0,0.0,0.0,0.0,0.0,0.0,0.0,0.0,0.0,0.0,0.0,0.0,0.0,0.0,0.0,0.0,0.0,0.0,0.0,0.0,0.0,0.0,0.0,0.0,0.0,0.0,0.0,0.0,0.0,0.0,0.0,0.0,0.0,0.0,0.0,0.0,0.0,0.0,0.0,0.0,0.0,0.0,0.0,0.0,0.0,0.0,0.0,0.0,0.0,0.0,0.0,0.0,0.0,0.0,0.0,0.0,0.0,0.0,0.0,0.0,5385951672770426.0,1.0771903345540852e+16,1.4260812653463296e+16,1.7749721961385742e+16,1.8683468917381704e+16,1.9617215873377664e+16,1.7521732381070836e+16,1.5426248888764006e+16,1.1340149078746472e+16,7254049268728939.0,3705718304458529.5,157387340188118.75,78693670094059.38,0.0,0.0,0.0,0.0,0.0,0.0,0.0,0.0,0.0,0.0,0.0,0.0,0.0,0.0,0.0,0.0,0.0,222063743558225.97,444127487116451.94,789676753519714.4,1135226019922977.0,978709274881299.9,822192529839622.9,472239213817008.8,122285897794394.77,61142948897197.38,0.0,0.0,0.0,0.0,0.0,0.0,0.0,0.0,0.0,0.0,0.0,380541556702764.8,761083113405529.6,1189226544859317.0,1617369976313104.5,1928059754416640.2,2238749532520176.2,2209591814407405.5,2180434096294635.2,2217133132342129.0,2253832168389623.0,1126916084194811.5,0.0,0.0,0.0,0.0,0.0,0.0,0.0,0.0,0.0,0.0,0.0,0.0,0.0,0.0,0.0,0.0,0.0,0.0,0.0,0.0,0.0,0.0,0.0,0.0,0.0,0.0,0.0,0.0,0.0,0.0,0.0,0.0,0.0,0.0,0.0,0.0,0.0,0.0,0.0,0.0,0.0,0.0,0.0,0.0,0.0,0.0,0.0,0.0,0.0,0.0,0.0,0.0,0.0,0.0,0.0,0.0,0.0,0.0,0.0,0.0,0.0,0.0,0.0,0.0,0.0,0.0,0.0,0.0,0.0,0.0,0.0,0.0,0.0,0.0,0.0,0.0,0.0,0.0,0.0,0.0,0.0,0.0,0.0,0.0,0.0,0.0,0.0,0.0,0.0,0.0
32.4098983425632,104.619347265957,24.5511456592836,223.0,10.0,90.0,5.0,5.0,0.0,0.0,0.0,0.0,0.0,0.0,0.0,0.0,0.0,0.0,0.0,0.0,0.0,0.0,0.0,0.0,0.0,0.0,0.0,0.0,0.0,0.0,0.0,0.0,0.0,0.0,0.0,0.0,0.0,0.0,0.0,0.0,0.0,0.0,0.0,0.0,0.0,0.0,0.0,0.0,0.0,0.0,0.0,0.0,0.0,0.0,0.0,0.0,0.0,0.0,0.0,0.0,0.0,0.0,0.0,0.0,0.0,0.0,0.0,0.0,0.0,0.0,0.0,0.0,0.0,0.0,0.0,0.0,0.0,0.0,0.0,0.0,0.0,0.0,0.0,0.0,0.0,0.0,0.0,0.0,0.0,0.0,0.0,0.0,0.0,0.0,0.0,0.0,0.0,0.0,0.0,0.0,0.0,0.0,0.0,0.0,0.0,0.0,0.0,0.0,0.0,0.0,0.0,0.0,0.0,0.0,0.0,0.0,0.0,0.0,0.0,0.0,0.0,0.0,0.0,0.0,0.0,0.0,0.0,0.0,0.0,0.0,0.0,0.0,0.0,0.0,0.0,0.0,0.0,0.0,0.0,0.0,0.0,0.0,0.0,0.0,0.0,0.0,0.0,0.0,0.0,0.0,0.0,0.0,0.0,0.0,0.0,0.0,0.0,0.0,0.0,0.0,0.0,0.0,0.0,0.0,0.0,0.0,0.0,0.0,0.0,0.0,0.0,0.0,0.0,0.0,0.0,0.0,0.0,0.0,0.0,0.0,0.0,0.0,0.0,0.0,0.0,0.0,0.0,0.0,0.0,0.0,0.0,0.0,0.0,0.0,0.0,0.0,0.0,0.0,0.0,0.0,0.0,0.0,0.0,0.0,0.0,0.0,0.0,0.0,0.0,0.0,0.0,0.0,0.0,0.0,0.0,0.0,0.0,0.0,0.0,0.0,0.0,0.0,0.0,0.0,0.0,0.0,0.0,0.0,0.0,0.0,0.0,0.0,0.0,0.0,0.0,0.0,0.0,0.0,0.0,0.0,0.0,0.0,0.0,0.0,0.0,0.0,0.0,0.0,0.0,0.0
32.1902934798258,104.820065663891,2.46201938253052,223.0,80.0,141.61438626566547,5.0,5.0,4.1563262005513035,3.2342618582637993e+18,0.0,0.0,0.0,0.0,0.0,0.0,0.0,0.0,0.0,0.0,0.0,0.0,0.0,0.0,0.0,0.0,0.0,0.0,0.0,0.0,0.0,0.0,0.0,0.0,0.0,0.0,0.0,0.0,0.0,0.0,0.0,0.0,0.0,0.0,0.0,0.0,0.0,0.0,0.0,0.0,0.0,0.0,0.0,0.0,0.0,0.0,0.0,0.0,0.0,0.0,0.0,0.0,0.0,0.0,0.0,0.0,0.0,0.0,0.0,0.0,0.0,0.0,0.0,0.0,0.0,0.0,0.0,0.0,0.0,0.0,0.0,0.0,0.0,0.0,0.0,0.0,0.0,0.0,0.0,0.0,0.0,0.0,0.0,0.0,0.0,2.296770932199151e+16,4.593541864398302e+16,7.003594775976054e+16,9.413647687553806e+16,1.1107873052530669e+17,1.2802098417507526e+17,1.3491854623497448e+17,1.4181610829487371e+17,1.3500589675762744e+17,1.2819568522038115e+17,1.1146134483789853e+17,9.472700445541586e+16,8.425469443519749e+16,7.378238441497912e+16,8.124805279665363e+16,8.871372117832816e+16,9.924014275836624e+16,1.0976656433840429e+17,1.1549895225964291e+17,1.2123134018088149e+17,1.2175120161729518e+17,1.2227106305370885e+17,1.1867603959881598e+17,1.1508101614392314e+17,1.0798569208463589e+17,1.0089036802534866e+17,9.357296404045755e+16,8.625556005556646e+16,9.022674248953912e+16,9.419792492351178e+16,1.1326915796083584e+17,1.3234039099815992e+17,1.5341581427470454e+17,1.7449123755124915e+17,1.856905746194338e+17,1.9688991168761846e+17,1.9430638835095853e+17,1.9172286501429856e+17,1.7661027389550086e+17,1.6149768277670314e+17,1.4318777378656008e+17,1.2487786479641702e+17,1.2032712780453093e+17,1.1577639081264482e+17,1.2264000683097254e+17,1.2950362284930024e+17,1.2903580197858637e+17,1.285679811078725e+17,1.1678517486892862e+17,1.0500236862998474e+17,8.796244509352976e+16,7.092252155707478e+16,5.869104252843836e+16,4.645956349980195e+16,4.5203856852477464e+16,4.394815020515298e+16,4.311515909095335e+16,4.228216797675373e+16,3.3619843398801256e+16,2.4957518820848784e+16,1.2478759410424392e+16,0.0,0.0,0.0,0.0,0.0,0.0,0.0,0.0,0.0,0.0,0.0,0.0,0.0,0.0,0.0,0.0,0.0,0.0,0.0,0.0,0.0,0.0,0.0,0.0,0.0,0.0,0.0,0.0,0.0,0.0,0.0,0.0,0.0,0.0,0.0,0.0,0.0,0.0,0.0,0.0,0.0,0.0,0.0,0.0,0.0,0.0,0.0,0.0,0.0,0.0,0.0,0.0,0.0,0.0,0.0,0.0,0.0,0.0,0.0,0.0,0.0,0.0,0.0,0.0,0.0,0.0,0.0,0.0,0.0,0.0,0.0,0.0,0.0,0.0,0.0,0.0,0.0,0.0,0.0,0.0,0.0,0.0,0.0,0.0,0.0,0.0,0.0,0.0,0.0,0.0,0.0,0.0,0.0,0.0
32.1994362695669,104.808470407661,7.18980823265266,223.0,65.0,140.62289073399933,5.0,5.0,3.083494913333655,2.3994339007902367e+18,0.0,0.0,0.0,0.0,0.0,0.0,0.0,0.0,0.0,0.0,0.0,0.0,0.0,0.0,0.0,0.0,0.0,0.0,0.0,0.0,0.0,0.0,0.0,0.0,0.0,0.0,0.0,0.0,0.0,0.0,0.0,0.0,0.0,0.0,0.0,0.0,0.0,0.0,0.0,0.0,0.0,0.0,0.0,0.0,0.0,0.0,0.0,0.0,0.0,0.0,0.0,0.0,0.0,0.0,0.0,0.0,0.0,0.0,0.0,0.0,0.0,0.0,0.0,0.0,0.0,0.0,0.0,0.0,0.0,0.0,0.0,0.0,0.0,0.0,0.0,0.0,0.0,0.0,0.0,0.0,0.0,0.0,0.0,0.0,0.0,1.3640149208920932e+16,2.7280298417841864e+16,4.762266988692233e+16,6.796504135600279e+16,8.50606940199335e+16,1.0215634668386421e+17,1.0970433838494286e+17,1.1725233008602154e+17,1.1161002424985426e+17,1.0596771841368698e+17,9.10229467108038e+16,7.607817500792064e+16,6.677442246355425e+16,5.747066991918786e+16,6.3849393922264296e+16,7.022811792534074e+16,7.702814034456856e+16,8.382816276379638e+16,8.67137113375862e+16,8.959925991137602e+16,8.988959201770989e+16,9.017992412404374e+16,8.861058704377718e+16,8.704124996351062e+16,8.226749195420954e+16,7.749373394490848e+16,6.888827830843739e+16,6.028282267196629e+16,5.772579971677952e+16,5.516877676159274e+16,7.02064278528153e+16,8.524407894403786e+16,1.0468161592443866e+17,1.2411915290483947e+17,1.3598012010342574e+17,1.47841087302012e+17,1.4763919575660765e+17,1.4743730421120326e+17,1.353400053621155e+17,1.2324270651302779e+17,1.0866286547876947e+17,9.408302444451118e+16,9.471266201078894e+16,9.53422995770667e+16,1.038124817707122e+17,1.122826639643577e+17,1.1022865628722456e+17,1.0817464861009142e+17,9.40585674877888e+16,7.994248636548618e+16,6.132368642379748e+16,4.2704886482108776e+16,2.9762148616392252e+16,1.6819410750675736e+16,1.7030182949356724e+16,1.7240955148037714e+16,1.9593052152837212e+16,2.194514915763671e+16,1.8483283810860076e+16,1.502141846408344e+16,7510709232041720.0,0.0,0.0,0.0,0.0,0.0,0.0,0.0,0.0,0.0,0.0,0.0,0.0,0.0,0.0,0.0,0.0,0.0,0.0,0.0,0.0,0.0,0.0,0.0,0.0,0.0,0.0,0.0,0.0,0.0,0.0,0.0,0.0,0.0,0.0,0.0,0.0,0.0,0.0,0.0,0.0,0.0,0.0,0.0,0.0,0.0,0.0,0.0,0.0,0.0,0.0,0.0,0.0,0.0,0.0,0.0,0.0,0.0,0.0,0.0,0.0,0.0,0.0,0.0,0.0,0.0,0.0,0.0,0.0,0.0,0.0,0.0,0.0,0.0,0.0,0.0,0.0,0.0,0.0,0.0,0.0,0.0,0.0,0.0,0.0,0.0,0.0,0.0,0.0,0.0,0.0,0.0,0.0,0.0,0.0
32.2157725602378,104.787748608538,11.3706888080417,223.0,50.0,139.10608797706703,5.0,5.0,2.0177502455706113,1.5701204245917535e+18,0.0,0.0,0.0,0.0,0.0,0.0,0.0,0.0,0.0,0.0,0.0,0.0,0.0,0.0,0.0,0.0,0.0,0.0,0.0,0.0,0.0,0.0,0.0,0.0,0.0,0.0,0.0,0.0,0.0,0.0,0.0,0.0,0.0,0.0,0.0,0.0,0.0,0.0,0.0,0.0,0.0,0.0,0.0,0.0,0.0,0.0,0.0,0.0,0.0,0.0,0.0,0.0,0.0,0.0,0.0,0.0,0.0,0.0,0.0,0.0,0.0,0.0,0.0,0.0,0.0,0.0,0.0,0.0,0.0,0.0,0.0,0.0,0.0,0.0,0.0,0.0,0.0,0.0,0.0,0.0,0.0,0.0,0.0,0.0,0.0,6241048965372932.0,1.2482097930745864e+16,2.802799734914588e+16,4.3573896767545896e+16,6.001727959766787e+16,7.646066242778984e+16,8.57786545998359e+16,9.509664677188197e+16,9.267680701161206e+16,9.025696725134213e+16,7.984414032105234e+16,6.943131339076251e+16,6.186074677547754e+16,5.429018016019257e+16,5.351962027805034e+16,5.2749060395908104e+16,5.1776167938404424e+16,5.080327548090076e+16,4.92585392674765e+16,4.771380305405222e+16,4.777667354627401e+16,4.78395440384958e+16,4.8397273760276504e+16,4.89550034820572e+16,4.7232717648283416e+16,4.5510431814509624e+16,3.8989577233651384e+16,3.2468722652793148e+16,2.4427494997205076e+16,1.6386267341617002e+16,2.550101066978075e+16,3.4615753997944504e+16,5.091220473565361e+16,6.72086554733627e+16,7.98853190561688e+16,9.256198263897491e+16,9.589301829330502e+16,9.922405394763512e+16,9.199302127265621e+16,8.476198859767728e+16,7.626145628071474e+16,6.776092396375218e+16,7.385694183489214e+16,7.99529597060321e+16,8.60573118741281e+16,9.216166404222408e+16,8.561775863114486e+16,7.907385322006563e+16,6.302663705870883e+16,4.697942089735202e+16,3.094081647246622e+16,1.490221204758043e+16,7451544742651115.0,877437721799.1333,2266097871328817.5,4531318304935837.0,8085428544592544.0,1.1639538784249254e+16,1.1183443677950086e+16,1.0727348571650918e+16,5363674285825459.0,0.0,0.0,0.0,0.0,0.0,0.0,0.0,0.0,0.0,0.0,0.0,0.0,0.0,0.0,0.0,0.0,0.0,0.0,0.0,0.0,0.0,0.0,0.0,0.0,0.0,0.0,0.0,0.0,0.0,0.0,0.0,0.0,0.0,0.0,0.0,0.0,0.0,0.0,0.0,0.0,0.0,0.0,0.0,0.0,0.0,0.0,0.0,0.0,0.0,0.0,0.0,0.0,0.0,0.0,0.0,0.0,0.0,0.0,0.0,0.0,0.0,0.0,0.0,0.0,0.0,0.0,0.0,0.0,0.0,0.0,0.0,0.0,0.0,0.0,0.0,0.0,0.0,0.0,0.0,0.0,0.0,0.0,0.0,0.0,0.0,0.0,0.0,0.0,0.0,0.0,0.0,0.0,0.0,0.0
32.2373747407196,104.760341214898,14.8927689400555,223.0,40.0,144.40045646082808,5.0,5.0,1.3011843906753033,1.01252183834155e+18,0.0,0.0,0.0,0.0,0.0,0.0,0.0,0.0,0.0,0.0,0.0,0.0,0.0,0.0,0.0,0.0,0.0,0.0,0.0,0.0,0.0,0.0,0.0,0.0,0.0,0.0,0.0,0.0,0.0,0.0,0.0,0.0,0.0,0.0,0.0,0.0,0.0,0.0,0.0,0.0,0.0,0.0,0.0,0.0,0.0,0.0,0.0,0.0,0.0,0.0,0.0,0.0,0.0,0.0,0.0,0.0,0.0,0.0,0.0,0.0,0.0,0.0,0.0,0.0,0.0,0.0,0.0,0.0,0.0,0.0,0.0,0.0,0.0,0.0,0.0,0.0,0.0,0.0,0.0,0.0,0.0,0.0,0.0,0.0,0.0,3691763971046729.5,7383527942093459.0,2.103574685072484e+16,3.468796575935622e+16,5.061604004511973e+16,6.654411433088324e+16,7.692692167014082e+16,8.730972900939837e+16,8.820854508828402e+16,8.910736116716965e+16,8.297451838399947e+16,7.684167560082931e+16,6.7489194928193576e+16,5.813671425555784e+16,4.815753850495953e+16,3.817836275436122e+16,3.0639232114239332e+16,2.3100101474117444e+16,1.8505135880500216e+16,1.3910170286882986e+16,1.30197561774543e+16,1.2129342068025614e+16,1.3000409528305538e+16,1.387147698858546e+16,1.411813063202515e+16,1.4364784275464842e+16,1.2094193742156886e+16,9823603208848928.0,6369493941493512.0,2915384674138096.5,5333460551116910.0,7751536428095725.0,1.826372679854673e+16,2.8775917168997732e+16,4.02643905758183e+16,5.175286398263887e+16,5.730991883443061e+16,6.286697368622236e+16,5.896006173668821e+16,5.5053149787154056e+16,5.077572712150548e+16,4.64983044558569e+16,5.2676985326609224e+16,5.885566619736157e+16,6.084813816990352e+16,6.284061014244548e+16,5.454981245292501e+16,4.6259014763404536e+16,3.344431142122789e+16,2.062960807905124e+16,1.1208505466526246e+16,1787402854001254.8,893701427000627.4,0.0,1697979163597289.2,3395958327194578.5,6172437016025345.0,8948915704856111.0,8875259336706488.0,8801602968556865.0,4400801484278432.5,0.0,0.0,0.0,0.0,0.0,0.0,0.0,0.0,0.0,0.0,0.0,0.0,0.0,0.0,0.0,0.0,0.0,0.0,0.0,0.0,0.0,0.0,0.0,0.0,0.0,0.0,0.0,0.0,0.0,0.0,0.0,0.0,0.0,0.0,0.0,0.0,0.0,0.0,0.0,0.0,0.0,0.0,0.0,0.0,0.0,0.0,0.0,0.0,0.0,0.0,0.0,0.0,0.0,0.0,0.0,0.0,0.0,0.0,0.0,0.0,0.0,0.0,0.0,0.0,0.0,0.0,0.0,0.0,0.0,0.0,0.0,0.0,0.0,0.0,0.0,0.0,0.0,0.0,0.0,0.0,0.0,0.0,0.0,0.0,0.0,0.0,0.0,0.0,0.0,0.0,0.0,0.0,0.0,0.0
32.2623999148144,104.728582631576,17.7497379642719,223.0,30.0,155.60077769204142,5.0,5.0,0.8575819565060405,6.673308297830015e+17,0.0,0.0,0.0,0.0,0.0,0.0,0.0,0.0,0.0,0.0,0.0,0.0,0.0,0.0,0.0,0.0,0.0,0.0,0.0,0.0,0.0,0.0,0.0,0.0,0.0,0.0,0.0,0.0,0.0,0.0,0.0,0.0,0.0,0.0,0.0,0.0,0.0,0.0,0.0,0.0,0.0,0.0,0.0,0.0,0.0,0.0,0.0,0.0,0.0,0.0,0.0,0.0,0.0,0.0,0.0,0.0,0.0,0.0,0.0,0.0,0.0,0.0,0.0,0.0,0.0,0.0,0.0,0.0,0.0,0.0,0.0,0.0,0.0,0.0,0.0,0.0,0.0,0.0,0.0,0.0,0.0,0.0,0.0,0.0,0.0,4615503396656877.0,9231006793313754.0,2.323123230159991e+16,3.723145780988607e+16,5.241331217369652e+16,6.759516653750697e+16,7.738775818346592e+16,8.718034982942486e+16,8.949254090181613e+16,9.18047319742074e+16,8.62657328336963e+16,8.072673369318522e+16,6.802169868909477e+16,5.531666368500432e+16,4.039867183644338e+16,2.5480679987882436e+16,1.5847165806296112e+16,6213651624709786.0,3106825812354893.0,0.0,0.0,0.0,0.0,0.0,0.0,0.0,199174416481735.75,398348832963471.5,281422055723841.2,164495278484210.94,82247639242105.47,0.0,4433682911962097.5,8867365823924195.0,1.5922120928917794e+16,2.2976876033911388e+16,2.6782846719166704e+16,3.0588817404422024e+16,2.845123439280512e+16,2.6313651381188216e+16,2.396216454696414e+16,2.161067771274006e+16,2.5256102227169812e+16,2.8901526741599564e+16,2.846613613130383e+16,2.8030745521008096e+16,2.220231434221937e+16,1.6373883163430638e+16,1.031001421625953e+16,4246145269088421.0,2123072634544210.5,0.0,0.0,0.0,2090305247818069.5,4180610495636139.0,5996728958985666.0,7812847422335192.0,6948622094742107.0,6084396767149020.0,3042198383574510.0,0.0,0.0,0.0,0.0,0.0,0.0,0.0,0.0,0.0,0.0,0.0,0.0,0.0,0.0,0.0,0.0,0.0,0.0,0.0,0.0,0.0,0.0,0.0,0.0,0.0,0.0,0.0,0.0,0.0,0.0,0.0,0.0,0.0,0.0,0.0,0.0,0.0,0.0,0.0,0.0,0.0,0.0,0.0,0.0,0.0,0.0,0.0,0.0,0.0,0.0,0.0,0.0,0.0,0.0,0.0,0.0,0.0,0.0,0.0,0.0,0.0,0.0,0.0,0.0,0.0,0.0,0.0,0.0,0.0,0.0,0.0,0.0,0.0,0.0,0.0,0.0,0.0,0.0,0.0,0.0,0.0,0.0,0.0,0.0,0.0,0.0,0.0,0.0,0.0,0.0,0.0,0.0,0.0,0.0
32.2895758023773,104.694084802236,20.0562836186236,223.0,25.0,167.8337999428723,5.0,5.0,0.5879264870456792,4.574973476005434e+17,0.0,0.0,0.0,0.0,0.0,0.0,0.0,0.0,0.0,0.0,0.0,0.0,0.0,0.0,0.0,0.0,0.0,0.0,0.0,0.0,0.0,0.0,0.0,0.0,0.0,0.0,0.0,0.0,0.0,0.0,0.0,0.0,0.0,0.0,0.0,0.0,0.0,0.0,0.0,0.0,0.0,0.0,0.0,0.0,0.0,0.0,0.0,0.0,0.0,0.0,0.0,0.0,0.0,0.0,0.0,0.0,0.0,0.0,0.0,0.0,0.0,0.0,0.0,0.0,0.0,0.0,0.0,0.0,0.0,0.0,0.0,0.0,0.0,0.0,0.0,0.0,0.0,0.0,0.0,0.0,0.0,0.0,0.0,0.0,0.0,6795337527387216.0,1.3590675054774432e+16,2.6808249697689596e+16,4.002582434060476e+16,5.303445723376856e+16,6.604309012693236e+16,7.355024494218189e+16,8.105739975743141e+16,8.133946812453806e+16,8.16215364916447e+16,7.422444613152197e+16,6.682735577139923e+16,5.3056377818602904e+16,3.928539986580657e+16,2.580093489549563e+16,1.231646992518469e+16,6158234962592345.0,0.0,0.0,0.0,0.0,0.0,0.0,0.0,0.0,0.0,0.0,0.0,0.0,0.0,0.0,0.0,656847106927520.0,1313694213855040.0,3979429812252222.0,6645165410649405.0,8351673132377007.0,1.0058180854104608e+16,8924376939475255.0,7790573024845902.0,6463385037851333.0,5136197050856762.0,6050462286102745.0,6964727521348728.0,5803999273448280.0,4643271025547832.0,2324326469825216.5,5381914102601.133,2690957051300.5664,0.0,0.0,0.0,0.0,0.0,2034848617695869.8,4069697235391739.5,5027407563326651.0,5985117891261563.0,5051354008031343.0,4117590124801122.0,2058795062400561.0,0.0,0.0,0.0,0.0,0.0,0.0,0.0,0.0,0.0,0.0,0.0,0.0,0.0,0.0,0.0,0.0,0.0,0.0,0.0,0.0,0.0,0.0,0.0,0.0,0.0,0.0,0.0,0.0,0.0,0.0,0.0,0.0,0.0,0.0,0.0,0.0,0.0,0.0,0.0,0.0,0.0,0.0,0.0,0.0,0.0,0.0,0.0,0.0,0.0,0.0,0.0,0.0,0.0,0.0,0.0,0.0,0.0,0.0,0.0,0.0,0.0,0.0,0.0,0.0,0.0,0.0,0.0,0.0,0.0,0.0,0.0,0.0,0.0,0.0,0.0,0.0,0.0,0.0,0.0,0.0,0.0,0.0,0.0,0.0,0.0,0.0,0.0,0.0,0.0,0.0,0.0,0.0,0.0,0.0
32.3178812585883,104.658141949961,21.9678796312896,223.0,20.0,176.4302613011249,5.0,5.0,0.34781873191898666,2.7065653751768714e+17,0.0,0.0,0.0,0.0,0.0,0.0,0.0,0.0,0.0,0.0,0.0,0.0,0.0,0.0,0.0,0.0,0.0,0.0,0.0,0.0,0.0,0.0,0.0,0.0,0.0,0.0,0.0,0.0,0.0,0.0,0.0,0.0,0.0,0.0,0.0,0.0,0.0,0.0,0.0,0.0,0.0,0.0,0.0,0.0,0.0,0.0,0.0,0.0,0.0,0.0,0.0,0.0,0.0,0.0,0.0,0.0,0.0,0.0,0.0,0.0,0.0,0.0,0.0,0.0,0.0,0.0,0.0,0.0,0.0,0.0,0.0,0.0,0.0,0.0,0.0,0.0,0.0,0.0,0.0,0.0,0.0,0.0,0.0,0.0,0.0,6478481505947686.0,1.2956963011895372e+16,2.148001021983542e+16,3.0003057427775464e+16,3.808461865022618e+16,4.61661798726769e+16,5.09749657915717e+16,5.57837517104665e+16,5.470031433852699e+16,5.3616876966587496e+16,4.678028601695141e+16,3.994369506731534e+16,3.0025071695755044e+16,2.010644832419474e+16,1.2024964685163202e+16,3943481046131661.5,1971740523065830.8,0.0,0.0,0.0,0.0,0.0,0.0,0.0,0.0,0.0,0.0,0.0,0.0,0.0,0.0,0.0,0.0,0.0,0.0,0.0,65025899498678.086,130051798997356.17,65025899498678.086,0.0,0.0,0.0,0.0,0.0,0.0,0.0,0.0,0.0,0.0,0.0,0.0,0.0,0.0,0.0,1022999050273151.6,2045998100546303.2,2655920590893559.5,3265843081240815.5,2980017095550007.5,2694191109859198.5,1347095554929599.2,0.0,0.0,0.0,0.0,0.0,0.0,0.0,0.0,0.0,0.0,0.0,0.0,0.0,0.0,0.0,0.0,0.0,0.0,0.0,0.0,0.0,0.0,0.0,0.0,0.0,0.0,0.0,0.0,0.0,0.0,0.0,0.0,0.0,0.0,0.0,0.0,0.0,0.0,0.0,0.0,0.0,0.0,0.0,0.0,0.0,0.0,0.0,0.0,0.0,0.0,0.0,0.0,0.0,0.0,0.0,0.0,0.0,0.0,0.0,0.0,0.0,0.0,0.0,0.0,0.0,0.0,0.0,0.0,0.0,0.0,0.0,0.0,0.0,0.0,0.0,0.0,0.0,0.0,0.0,0.0,0.0,0.0,0.0,0.0,0.0,0.0,0.0,0.0,0.0,0.0,0.0,0.0,0.0,0.0
32.3471008618344,104.621026608425,23.46997760236,223.0,15.0,179.9993905594807,5.0,5.0,0.13746574094019848,1.069695161755792e+17,0.0,0.0,0.0,0.0,0.0,0.0,0.0,0.0,0.0,0.0,0.0,0.0,0.0,0.0,0.0,0.0,0.0,0.0,0.0,0.0,0.0,0.0,0.0,0.0,0.0,0.0,0.0,0.0,0.0,0.0,0.0,0.0,0.0,0.0,0.0,0.0,0.0,0.0,0.0,0.0,0.0,0.0,0.0,0.0,0.0,0.0,0.0,0.0,0.0,0.0,0.0,0.0,0.0,0.0,0.0,0.0,0.0,0.0,0.0,0.0,0.0,0.0,0.0,0.0,0.0,0.0,0.0,0.0,0.0,0.0,0.0,0.0,0.0,0.0,0.0,0.0,0.0,0.0,0.0,0.0,0.0,0.0,0.0,0.0,0.0,3715609205484491.0,7431218410968982.0,1.0057991442951408e+16,1.2684764474933836e+16,1.6317154586629622e+16,1.994954469832541e+16,2.1564383376592516e+16,2.3179222054859624e+16,2.1727521200073736e+16,2.0275820345287852e+16,1.6986274720082756e+16,1.3696729094877656e+16,9261476170471110.0,4826223246064566.0,2413111623032283.0,0.0,0.0,0.0,0.0,0.0,0.0,0.0,0.0,0.0,0.0,0.0,0.0,0.0,0.0,0.0,0.0,0.0,0.0,0.0,0.0,0.0,0.0,0.0,568897610134.2998,1137795220268.5996,568897610134.2998,0.0,0.0,0.0,0.0,0.0,0.0,0.0,0.0,0.0,0.0,0.0,0.0,0.0,486878701077461.0,973757402154922.0,1551927300434193.2,2130097198713465.0,1975549326443042.0,1821001454172619.2,910500727086309.6,0.0,0.0,0.0,0.0,0.0,0.0,0.0,0.0,0.0,0.0,0.0,0.0,0.0,0.0,0.0,0.0,0.0,0.0,0.0,0.0,0.0,0.0,0.0,0.0,0.0,0.0,0.0,0.0,0.0,0.0,0.0,0.0,0.0,0.0,0.0,0.0,0.0,0.0,0.0,0.0,0.0,0.0,0.0,0.0,0.0,0.0,0.0,0.0,0.0,0.0,0.0,0.0,0.0,0.0,0.0,0.0,0.0,0.0,0.0,0.0,0.0,0.0,0.0,0.0,0.0,0.0,0.0,0.0,0.0,0.0,0.0,0.0,0.0,0.0,0.0,0.0,0.0,0.0,0.0,0.0,0.0,0.0,0.0,0.0,0.0,0.0,0.0,0.0,0.0,0.0,0.0,0.0,0.0,0.0
32.3770122332914,104.583024770383,24.5511456592836,223.0,10.0,90.0,5.0,5.0,0.0,0.0,0.0,0.0,0.0,0.0,0.0,0.0,0.0,0.0,0.0,0.0,0.0,0.0,0.0,0.0,0.0,0.0,0.0,0.0,0.0,0.0,0.0,0.0,0.0,0.0,0.0,0.0,0.0,0.0,0.0,0.0,0.0,0.0,0.0,0.0,0.0,0.0,0.0,0.0,0.0,0.0,0.0,0.0,0.0,0.0,0.0,0.0,0.0,0.0,0.0,0.0,0.0,0.0,0.0,0.0,0.0,0.0,0.0,0.0,0.0,0.0,0.0,0.0,0.0,0.0,0.0,0.0,0.0,0.0,0.0,0.0,0.0,0.0,0.0,0.0,0.0,0.0,0.0,0.0,0.0,0.0,0.0,0.0,0.0,0.0,0.0,0.0,0.0,0.0,0.0,0.0,0.0,0.0,0.0,0.0,0.0,0.0,0.0,0.0,0.0,0.0,0.0,0.0,0.0,0.0,0.0,0.0,0.0,0.0,0.0,0.0,0.0,0.0,0.0,0.0,0.0,0.0,0.0,0.0,0.0,0.0,0.0,0.0,0.0,0.0,0.0,0.0,0.0,0.0,0.0,0.0,0.0,0.0,0.0,0.0,0.0,0.0,0.0,0.0,0.0,0.0,0.0,0.0,0.0,0.0,0.0,0.0,0.0,0.0,0.0,0.0,0.0,0.0,0.0,0.0,0.0,0.0,0.0,0.0,0.0,0.0,0.0,0.0,0.0,0.0,0.0,0.0,0.0,0.0,0.0,0.0,0.0,0.0,0.0,0.0,0.0,0.0,0.0,0.0,0.0,0.0,0.0,0.0,0.0,0.0,0.0,0.0,0.0,0.0,0.0,0.0,0.0,0.0,0.0,0.0,0.0,0.0,0.0,0.0,0.0,0.0,0.0,0.0,0.0,0.0,0.0,0.0,0.0,0.0,0.0,0.0,0.0,0.0,0.0,0.0,0.0,0.0,0.0,0.0,0.0,0.0,0.0,0.0,0.0,0.0,0.0,0.0,0.0,0.0,0.0,0.0,0.0,0.0,0.0,0.0,0.0,0.0,0.0,0.0,0.0,0.0
32.1574073705541,104.783809507589,2.46201938253052,223.0,80.0,151.27241151587492,5.0,5.0,4.225381143422395,3.287997238278711e+18,0.0,0.0,0.0,0.0,0.0,0.0,0.0,0.0,0.0,0.0,0.0,0.0,0.0,0.0,0.0,0.0,0.0,0.0,0.0,0.0,0.0,0.0,0.0,0.0,0.0,0.0,0.0,0.0,0.0,0.0,0.0,0.0,0.0,0.0,0.0,0.0,0.0,0.0,0.0,0.0,0.0,0.0,0.0,0.0,0.0,0.0,0.0,0.0,0.0,0.0,0.0,0.0,0.0,0.0,0.0,0.0,0.0,0.0,0.0,0.0,0.0,0.0,0.0,0.0,0.0,0.0,0.0,0.0,0.0,0.0,0.0,0.0,0.0,0.0,0.0,0.0,0.0,0.0,0.0,0.0,0.0,0.0,0.0,1.9129508348446796e+16,3.825901669689359e+16,6.648297034009428e+16,9.470692398329498e+16,1.2141974555225781e+17,1.4813256712122064e+17,1.6494454163912464e+17,1.8175651615702864e+17,1.8423463145112986e+17,1.8671274674523104e+17,1.7398988021646058e+17,1.6126701368769008e+17,1.3801717408094051e+17,1.1476733447419094e+17,9.472106087231731e+16,7.46747872704437e+16,7.591318917576909e+16,7.71515910810945e+16,8.755090791737738e+16,9.795022475366022e+16,1.0365152097510842e+17,1.0935281719655658e+17,1.099768993641343e+17,1.10600981531712e+17,1.0658528345575315e+17,1.0256958537979432e+17,9.535169860825298e+16,8.813381183671163e+16,8.174496961279262e+16,7.535612738887363e+16,8.030017492935242e+16,8.524422246983118e+16,1.0331609670234414e+17,1.213879709348571e+17,1.408581725496804e+17,1.6032837416450368e+17,1.7192546633315856e+17,1.835225585018134e+17,1.8340601931263357e+17,1.832894801234537e+17,1.7201058881257504e+17,1.607316975016964e+17,1.4391703866343998e+17,1.2710237982518357e+17,1.2057461886405186e+17,1.1404685790292013e+17,1.1950852141863752e+17,1.2497018493435491e+17,1.2387458498871208e+17,1.2277898504306925e+17,1.097671673648573e+17,9.675534968664534e+16,7.860387878947747e+16,6.045240789230958e+16,4.812732723349285e+16,3.580224657467611e+16,3.300915773033609e+16,3.0216068885996068e+16,2.5096238709499964e+16,1.997640853300386e+16,9988204266501930.0,0.0,0.0,0.0,0.0,0.0,0.0,0.0,0.0,0.0,0.0,0.0,0.0,0.0,0.0,0.0,0.0,0.0,0.0,0.0,0.0,0.0,0.0,0.0,0.0,0.0,0.0,0.0,0.0,0.0,0.0,0.0,0.0,0.0,0.0,0.0,0.0,0.0,0.0,0.0,0.0,0.0,0.0,0.0,0.0,0.0,0.0,0.0,0.0,0.0,0.0,0.0,0.0,0.0,0.0,0.0,0.0,0.0,0.0,0.0,0.0,0.0,0.0,0.0,0.0,0.0,0.0,0.0,0.0,0.0,0.0,0.0,0.0,0.0,0.0,0.0,0.0,0.0,0.0,0.0,0.0,0.0,0.0,0.0,0.0,0.0,0.0,0.0,0.0,0.0,0.0,0.0,0.0,0.0,0.0,0.0,0.0
32.1665501602952,104.772211894968,7.18980823265266,223.0,65.0,145.65597871361663,5.0,5.0,3.0318252392572185,2.359226937228962e+18,0.0,0.0,0.0,0.0,0.0,0.0,0.0,0.0,0.0,0.0,0.0,0.0,0.0,0.0,0.0,0.0,0.0,0.0,0.0,0.0,0.0,0.0,0.0,0.0,0.0,0.0,0.0,0.0,0.0,0.0,0.0,0.0,0.0,0.0,0.0,0.0,0.0,0.0,0.0,0.0,0.0,0.0,0.0,0.0,0.0,0.0,0.0,0.0,0.0,0.0,0.0,0.0,0.0,0.0,0.0,0.0,0.0,0.0,0.0,0.0,0.0,0.0,0.0,0.0,0.0,0.0,0.0,0.0,0.0,0.0,0.0,0.0,0.0,0.0,0.0,0.0,0.0,0.0,0.0,0.0,0.0,0.0,0.0,9992054600457326.0,1.9984109200914652e+16,3.9982429364195736e+16,5.998074952747683e+16,8.2309577363223e+16,1.046384051989692e+17,1.2051842644324693e+17,1.3639844768752467e+17,1.4020861616433934e+17,1.4401878464115405e+17,1.3428663627670981e+17,1.245544879122656e+17,1.0460634637238894e+17,8.465820483251229e+16,6.899810867341651e+16,5.333801251432076e+16,5.741658736143813e+16,6.149516220855552e+16,6.88626252507923e+16,7.62300882930291e+16,7.925410431488139e+16,8.227812033673368e+16,8.252104139433358e+16,8.27639624519335e+16,8.116499613521386e+16,7.95660298184942e+16,7.444712967102104e+16,6.932822952354784e+16,6.060280460507973e+16,5.187737968661162e+16,4.784539509222425e+16,4.38134104978369e+16,5.598763690837671e+16,6.816186331891652e+16,8.524082090079355e+16,1.0231977848267056e+17,1.1414208646198637e+17,1.2596439444130218e+17,1.2860517376490762e+17,1.3124595308851306e+17,1.2346030050574707e+17,1.1567464792298107e+17,1.0326878729866026e+17,9.086292667433946e+16,9.18498678113919e+16,9.283680894844437e+16,1.0188963375883253e+17,1.1094245856922072e+17,1.0926137362668938e+17,1.0758028868415805e+17,9.23938486229224e+16,7.720740856168674e+16,5.734436947266804e+16,3.748133038364932e+16,2.39560366182804e+16,1.0430742852911482e+16,9008731754955918.0,7586720657000354.0,6797375484143996.0,6008030311287640.0,3004015155643820.0,0.0,0.0,0.0,0.0,0.0,0.0,0.0,0.0,0.0,0.0,0.0,0.0,0.0,0.0,0.0,0.0,0.0,0.0,0.0,0.0,0.0,0.0,0.0,0.0,0.0,0.0,0.0,0.0,0.0,0.0,0.0,0.0,0.0,0.0,0.0,0.0,0.0,0.0,0.0,0.0,0.0,0.0,0.0,0.0,0.0,0.0,0.0,0.0,0.0,0.0,0.0,0.0,0.0,0.0,0.0,0.0,0.0,0.0,0.0,0.0,0.0,0.0,0.0,0.0,0.0,0.0,0.0,0.0,0.0,0.0,0.0,0.0,0.0,0.0,0.0,0.0,0.0,0.0,0.0,0.0,0.0,0.0,0.0,0.0,0.0,0.0,0.0,0.0,0.0,0.0,0.0,0.0,0.0,0.0,0.0,0.0
32.182886450966,104.751485007751,11.3706888080417,223.0,50.0,137.62756788960337,5.0,5.0,1.8764240204388738,1.4601468572005914e+18,0.0,0.0,0.0,0.0,0.0,0.0,0.0,0.0,0.0,0.0,0.0,0.0,0.0,0.0,0.0,0.0,0.0,0.0,0.0,0.0,0.0,0.0,0.0,0.0,0.0,0.0,0.0,0.0,0.0,0.0,0.0,0.0,0.0,0.0,0.0,0.0,0.0,0.0,0.0,0.0,0.0,0.0,0.0,0.0,0.0,0.0,0.0,0.0,0.0,0.0,0.0,0.0,0.0,0.0,0.0,0.0,0.0,0.0,0.0,0.0,0.0,0.0,0.0,0.0,0.0,0.0,0.0,0.0,0.0,0.0,0.0,0.0,0.0,0.0,0.0,0.0,0.0,0.0,0.0,0.0,0.0,0.0,0.0,2049028653594467.5,4098057307188935.0,1.5090334647980272e+16,2.608261198877161e+16,4.310238177644584e+16,6.012215156412006e+16,7.532896201818074e+16,9.05357724722414e+16,9.706328822601555e+16,1.0359080397978966e+17,9.765567623656949e+16,9.172054849334933e+16,7.787919639215395e+16,6.403784429095856e+16,5.4963407330374136e+16,4.588897036978972e+16,4.6686053872321576e+16,4.748313737485342e+16,4.741074522382231e+16,4.73383530727912e+16,4.5943599785293496e+16,4.454884649779579e+16,4.486421172464836e+16,4.517957695150093e+16,4.631329449546562e+16,4.7447012039430296e+16,4.5781053221562904e+16,4.41150944036955e+16,3.741528834348852e+16,3.0715482283281524e+16,2.1707766284888948e+16,1.2700050286496378e+16,1.5675271434166454e+16,1.8650492581836532e+16,3.027978248964725e+16,4.190907239745797e+16,5.342790408764313e+16,6.494673577782828e+16,7.097546113312876e+16,7.700418648842925e+16,7.368890557929837e+16,7.037362467016751e+16,6.524364325536085e+16,6.011366184055418e+16,6.877538696834619e+16,7.743711209613822e+16,8.573838387597406e+16,9.403965565580989e+16,8.868382682489685e+16,8.332799799398379e+16,6.686663525956742e+16,5.040527252515106e+16,3.337000216116559e+16,1.6334731797180122e+16,8167365898590061.0,0.0,0.0,0.0,0.0,0.0,0.0,0.0,0.0,0.0,0.0,0.0,0.0,0.0,0.0,0.0,0.0,0.0,0.0,0.0,0.0,0.0,0.0,0.0,0.0,0.0,0.0,0.0,0.0,0.0,0.0,0.0,0.0,0.0,0.0,0.0,0.0,0.0,0.0,0.0,0.0,0.0,0.0,0.0,0.0,0.0,0.0,0.0,0.0,0.0,0.0,0.0,0.0,0.0,0.0,0.0,0.0,0.0,0.0,0.0,0.0,0.0,0.0,0.0,0.0,0.0,0.0,0.0,0.0,0.0,0.0,0.0,0.0,0.0,0.0,0.0,0.0,0.0,0.0,0.0,0.0,0.0,0.0,0.0,0.0,0.0,0.0,0.0,0.0,0.0,0.0,0.0,0.0,0.0,0.0,0.0,0.0,0.0,0.0,0.0,0.0,0.0,0.0
32.2044886314479,104.724070032317,14.8927689400555,223.0,40.0,137.77290684866796,5.0,5.0,1.0535451977850272,8.198204098372101e+17,0.0,0.0,0.0,0.0,0.0,0.0,0.0,0.0,0.0,0.0,0.0,0.0,0.0,0.0,0.0,0.0,0.0,0.0,0.0,0.0,0.0,0.0,0.0,0.0,0.0,0.0,0.0,0.0,0.0,0.0,0.0,0.0,0.0,0.0,0.0,0.0,0.0,0.0,0.0,0.0,0.0,0.0,0.0,0.0,0.0,0.0,0.0,0.0,0.0,0.0,0.0,0.0,0.0,0.0,0.0,0.0,0.0,0.0,0.0,0.0,0.0,0.0,0.0,0.0,0.0,0.0,0.0,0.0,0.0,0.0,0.0,0.0,0.0,0.0,0.0,0.0,0.0,0.0,0.0,0.0,0.0,0.0,0.0,0.0,0.0,4594800926014834.0,9189601852029668.0,2.266661253248762e+16,3.614362321294557e+16,5.016084085521178e+16,6.417805849747799e+16,7.207533290656136e+16,7.997260731564472e+16,7.800122772027682e+16,7.602984812490888e+16,6.7886044570146056e+16,5.974224101538322e+16,5.18054183012805e+16,4.386859558717778e+16,3.754160132315263e+16,3.121460705912748e+16,2.5404394115612828e+16,1.9594181172098184e+16,1.5592829181013228e+16,1.1591477189928276e+16,1.134675270857583e+16,1.1102028227223384e+16,1.2389280390943102e+16,1.3676532554662822e+16,1.4062904150287198e+16,1.4449275745911574e+16,1.194545197553604e+16,9441628205160502.0,5904147479437948.0,2366666753715392.0,1183333376857696.0,0.0,3752640563667045.5,7505281127334091.0,1.6040967098175436e+16,2.4576653069016776e+16,3.1103817616844164e+16,3.7630982164671544e+16,3.730112723516974e+16,3.6971272305667944e+16,3.711102376583938e+16,3.725077522601082e+16,4.64955498843758e+16,5.574032454274078e+16,5.952119268329155e+16,6.330206082384231e+16,5.61235138853635e+16,4.89449669468847e+16,3.5800693348086476e+16,2.2656419749288244e+16,1.2668560558822852e+16,2680701368357456.5,1340350684178728.2,0.0,0.0,0.0,0.0,0.0,0.0,0.0,0.0,0.0,0.0,0.0,0.0,0.0,0.0,0.0,0.0,0.0,0.0,0.0,0.0,0.0,0.0,0.0,0.0,0.0,0.0,0.0,0.0,0.0,0.0,0.0,0.0,0.0,0.0,0.0,0.0,0.0,0.0,0.0,0.0,0.0,0.0,0.0,0.0,0.0,0.0,0.0,0.0,0.0,0.0,0.0,0.0,0.0,0.0,0.0,0.0,0.0,0.0,0.0,0.0,0.0,0.0,0.0,0.0,0.0,0.0,0.0,0.0,0.0,0.0,0.0,0.0,0.0,0.0,0.0,0.0,0.0,0.0,0.0,0.0,0.0,0.0,0.0,0.0,0.0,0.0,0.0,0.0,0.0,0.0,0.0,0.0,0.0,0.0,0.0,0.0,0.0,0.0,0.0,0.0,0.0,0.0
32.2295138055427,104.692302121387,17.7497379642719,223.0,30.0,150.14520564018784,5.0,5.0,0.6334089283423415,4.9288969122530643e+17,0.0,0.0,0.0,0.0,0.0,0.0,0.0,0.0,0.0,0.0,0.0,0.0,0.0,0.0,0.0,0.0,0.0,0.0,0.0,0.0,0.0,0.0,0.0,0.0,0.0,0.0,0.0,0.0,0.0,0.0,0.0,0.0,0.0,0.0,0.0,0.0,0.0,0.0,0.0,0.0,0.0,0.0,0.0,0.0,0.0,0.0,0.0,0.0,0.0,0.0,0.0,0.0,0.0,0.0,0.0,0.0,0.0,0.0,0.0,0.0,0.0,0.0,0.0,0.0,0.0,0.0,0.0,0.0,0.0,0.0,0.0,0.0,0.0,0.0,0.0,0.0,0.0,0.0,0.0,0.0,0.0,0.0,0.0,0.0,0.0,4945409892117009.0,9890819784234018.0,2.225193048860779e+16,3.461304119298156e+16,4.722807298283587e+16,5.984310477269019e+16,6.651868430719803e+16,7.319426384170587e+16,7.243496590868595e+16,7.1675667975666024e+16,6.512330061470618e+16,5.857093325374634e+16,4.8388440542399144e+16,3.820594783105195e+16,2.765978486226703e+16,1.7113621893482118e+16,1.047279942921011e+16,3831976964938099.5,1915988482469049.8,0.0,0.0,0.0,0.0,0.0,0.0,0.0,0.0,0.0,2534788763802.654,5069577527605.308,139445105672207.3,273820633816809.25,141306160389204.66,8791686961599.993,2872278216195642.5,5735764745429685.0,9086564670420262.0,1.2437364595410838e+16,1.2894189929406404e+16,1.3351015263401968e+16,1.5324410309717534e+16,1.72978053560331e+16,2.2097470475067924e+16,2.6897135594102748e+16,2.7256847694945332e+16,2.761655979578792e+16,2.245447909859901e+16,1.7292398401410092e+16,1.116349323316899e+16,5034588064927888.0,2517294032463944.0,0.0,0.0,0.0,0.0,0.0,0.0,0.0,0.0,0.0,0.0,0.0,0.0,0.0,0.0,0.0,0.0,0.0,0.0,0.0,0.0,0.0,0.0,0.0,0.0,0.0,0.0,0.0,0.0,0.0,0.0,0.0,0.0,0.0,0.0,0.0,0.0,0.0,0.0,0.0,0.0,0.0,0.0,0.0,0.0,0.0,0.0,0.0,0.0,0.0,0.0,0.0,0.0,0.0,0.0,0.0,0.0,0.0,0.0,0.0,0.0,0.0,0.0,0.0,0.0,0.0,0.0,0.0,0.0,0.0,0.0,0.0,0.0,0.0,0.0,0.0,0.0,0.0,0.0,0.0,0.0,0.0,0.0,0.0,0.0,0.0,0.0,0.0,0.0,0.0,0.0,0.0,0.0,0.0,0.0,0.0,0.0,0.0,0.0,0.0,0.0,0.0,0.0,0.0,0.0
32.2566896931056,104.65779383695,20.0562836186236,223.0,25.0,168.36159424375816,5.0,5.0,0.4433720651790974,3.4501174600737536e+17,0.0,0.0,0.0,0.0,0.0,0.0,0.0,0.0,0.0,0.0,0.0,0.0,0.0,0.0,0.0,0.0,0.0,0.0,0.0,0.0,0.0,0.0,0.0,0.0,0.0,0.0,0.0,0.0,0.0,0.0,0.0,0.0,0.0,0.0,0.0,0.0,0.0,0.0,0.0,0.0,0.0,0.0,0.0,0.0,0.0,0.0,0.0,0.0,0.0,0.0,0.0,0.0,0.0,0.0,0.0,0.0,0.0,0.0,0.0,0.0,0.0,0.0,0.0,0.0,0.0,0.0,0.0,0.0,0.0,0.0,0.0,0.0,0.0,0.0,0.0,0.0,0.0,0.0,0.0,0.0,0.0,0.0,0.0,729800605797923.4,1459601211595846.8,8909658395810229.0,1.6359715580024612e+16,2.8009881078710944e+16,3.966004657739728e+16,5.056713834858733e+16,6.1474230119777384e+16,6.6125367263961384e+16,7.077650440814539e+16,6.7923986467661e+16,6.507146852717661e+16,5.641111985268914e+16,4.775077117820167e+16,3.551415796631887e+16,2.327754475443608e+16,1.3793938889721262e+16,4310333025006445.0,2155166512503222.5,0.0,0.0,0.0,0.0,0.0,0.0,0.0,0.0,0.0,0.0,0.0,0.0,0.0,0.0,0.0,0.0,0.0,0.0,0.0,477229194933397.75,954458389866795.5,843342862718056.5,732227335569317.2,2137892340688186.0,3543557345807054.5,4647202996128564.0,5750848646450073.0,4820643777185429.0,3890438907920784.5,1945219453960392.2,0.0,0.0,0.0,0.0,0.0,0.0,0.0,0.0,0.0,0.0,0.0,0.0,0.0,0.0,0.0,0.0,0.0,0.0,0.0,0.0,0.0,0.0,0.0,0.0,0.0,0.0,0.0,0.0,0.0,0.0,0.0,0.0,0.0,0.0,0.0,0.0,0.0,0.0,0.0,0.0,0.0,0.0,0.0,0.0,0.0,0.0,0.0,0.0,0.0,0.0,0.0,0.0,0.0,0.0,0.0,0.0,0.0,0.0,0.0,0.0,0.0,0.0,0.0,0.0,0.0,0.0,0.0,0.0,0.0,0.0,0.0,0.0,0.0,0.0,0.0,0.0,0.0,0.0,0.0,0.0,0.0,0.0,0.0,0.0,0.0,0.0,0.0,0.0,0.0,0.0,0.0,0.0,0.0,0.0,0.0,0.0,0.0,0.0,0.0,0.0,0.0,0.0,0.0,0.0,0.0,0.0,0.0,0.0
32.2849951493166,104.621839857994,21.9678796312896,223.0,20.0,178.31010921762115,5.0,5.0,0.29705391670000525,2.3115369349577587e+17,0.0,0.0,0.0,0.0,0.0,0.0,0.0,0.0,0.0,0.0,0.0,0.0,0.0,0.0,0.0,0.0,0.0,0.0,0.0,0.0,0.0,0.0,0.0,0.0,0.0,0.0,0.0,0.0,0.0,0.0,0.0,0.0,0.0,0.0,0.0,0.0,0.0,0.0,0.0,0.0,0.0,0.0,0.0,0.0,0.0,0.0,0.0,0.0,0.0,0.0,0.0,0.0,0.0,0.0,0.0,0.0,0.0,0.0,0.0,0.0,0.0,0.0,0.0,0.0,0.0,0.0,0.0,0.0,0.0,0.0,0.0,0.0,0.0,0.0,0.0,0.0,0.0,0.0,0.0,0.0,0.0,0.0,0.0,1868742103340164.8,3737484206680329.5,1.0376106612533322e+16,1.7014729018386314e+16,2.5471234539089324e+16,3.3927740059792332e+16,4.053871079577818e+16,4.714968153176403e+16,4.856678336011116e+16,4.998388518845829e+16,4.633091211796996e+16,4.2677939047481624e+16,3.5072838397564652e+16,2.7467737747647676e+16,1.833111722160648e+16,9194496695565286.0,4597248347782643.0,0.0,0.0,0.0,0.0,0.0,0.0,0.0,0.0,0.0,0.0,0.0,0.0,0.0,0.0,0.0,0.0,0.0,0.0,0.0,0.0,0.0,0.0,0.0,0.0,0.0,0.0,0.0,0.0,0.0,0.0,0.0,0.0,0.0,0.0,0.0,0.0,0.0,0.0,0.0,0.0,0.0,0.0,0.0,0.0,0.0,0.0,0.0,0.0,0.0,0.0,0.0,0.0,0.0,0.0,0.0,0.0,0.0,0.0,0.0,0.0,0.0,0.0,0.0,0.0,0.0,0.0,0.0,0.0,0.0,0.0,0.0,0.0,0.0,0.0,0.0,0.0,0.0,0.0,0.0,0.0,0.0,0.0,0.0,0.0,0.0,0.0,0.0,0.0,0.0,0.0,0.0,0.0,0.0,0.0,0.0,0.0,0.0,0.0,0.0,0.0,0.0,0.0,0.0,0.0,0.0,0.0,0.0,0.0,0.0,0.0,0.0,0.0,0.0,0.0,0.0,0.0,0.0,0.0,0.0,0.0,0.0,0.0,0.0,0.0,0.0,0.0,0.0,0.0,0.0,0.0,0.0,0.0,0.0,0.0,0.0,0.0,0.0,0.0,0.0,0.0
32.3142147525626,104.584712963776,23.46997760236,223.0,15.0,180.0,5.0,5.0,0.132699562658871,1.032606954812511e+17,0.0,0.0,0.0,0.0,0.0,0.0,0.0,0.0,0.0,0.0,0.0,0.0,0.0,0.0,0.0,0.0,0.0,0.0,0.0,0.0,0.0,0.0,0.0,0.0,0.0,0.0,0.0,0.0,0.0,0.0,0.0,0.0,0.0,0.0,0.0,0.0,0.0,0.0,0.0,0.0,0.0,0.0,0.0,0.0,0.0,0.0,0.0,0.0,0.0,0.0,0.0,0.0,0.0,0.0,0.0,0.0,0.0,0.0,0.0,0.0,0.0,0.0,0.0,0.0,0.0,0.0,0.0,0.0,0.0,0.0,0.0,0.0,0.0,0.0,0.0,0.0,0.0,0.0,0.0,0.0,0.0,0.0,0.0,1876429401833388.8,3752858803666777.5,7306765909507803.0,1.0860673015348828e+16,1.3916806796876148e+16,1.6972940578403468e+16,1.899317367135196e+16,2.1013406764300452e+16,2.1442669937588e+16,2.1871933110875548e+16,1.9623072985417e+16,1.7374212859958454e+16,1.3275497745330232e+16,9176782630702006.0,5575360333855927.0,1973938037009845.8,986969018504922.9,0.0,0.0,0.0,0.0,0.0,0.0,0.0,0.0,0.0,0.0,0.0,0.0,0.0,0.0,0.0,0.0,0.0,0.0,0.0,0.0,0.0,0.0,0.0,0.0,0.0,0.0,0.0,0.0,0.0,0.0,0.0,0.0,0.0,0.0,0.0,0.0,0.0,0.0,0.0,0.0,0.0,131974840492856.03,263949680985712.06,131974840492856.03,0.0,0.0,0.0,0.0,0.0,0.0,0.0,0.0,0.0,0.0,0.0,0.0,0.0,0.0,0.0,0.0,0.0,0.0,0.0,0.0,0.0,0.0,0.0,0.0,0.0,0.0,0.0,0.0,0.0,0.0,0.0,0.0,0.0,0.0,0.0,0.0,0.0,0.0,0.0,0.0,0.0,0.0,0.0,0.0,0.0,0.0,0.0,0.0,0.0,0.0,0.0,0.0,0.0,0.0,0.0,0.0,0.0,0.0,0.0,0.0,0.0,0.0,0.0,0.0,0.0,0.0,0.0,0.0,0.0,0.0,0.0,0.0,0.0,0.0,0.0,0.0,0.0,0.0,0.0,0.0,0.0,0.0,0.0,0.0,0.0,0.0,0.0,0.0,0.0,0.0,0.0,0.0,0.0,0.0,0.0,0.0
32.3441261240197,104.546702274809,24.5511456592836,223.0,10.0,90.0,5.0,5.0,0.0,0.0,0.0,0.0,0.0,0.0,0.0,0.0,0.0,0.0,0.0,0.0,0.0,0.0,0.0,0.0,0.0,0.0,0.0,0.0,0.0,0.0,0.0,0.0,0.0,0.0,0.0,0.0,0.0,0.0,0.0,0.0,0.0,0.0,0.0,0.0,0.0,0.0,0.0,0.0,0.0,0.0,0.0,0.0,0.0,0.0,0.0,0.0,0.0,0.0,0.0,0.0,0.0,0.0,0.0,0.0,0.0,0.0,0.0,0.0,0.0,0.0,0.0,0.0,0.0,0.0,0.0,0.0,0.0,0.0,0.0,0.0,0.0,0.0,0.0,0.0,0.0,0.0,0.0,0.0,0.0,0.0,0.0,0.0,0.0,0.0,0.0,0.0,0.0,0.0,0.0,0.0,0.0,0.0,0.0,0.0,0.0,0.0,0.0,0.0,0.0,0.0,0.0,0.0,0.0,0.0,0.0,0.0,0.0,0.0,0.0,0.0,0.0,0.0,0.0,0.0,0.0,0.0,0.0,0.0,0.0,0.0,0.0,0.0,0.0,0.0,0.0,0.0,0.0,0.0,0.0,0.0,0.0,0.0,0.0,0.0,0.0,0.0,0.0,0.0,0.0,0.0,0.0,0.0,0.0,0.0,0.0,0.0,0.0,0.0,0.0,0.0,0.0,0.0,0.0,0.0,0.0,0.0,0.0,0.0,0.0,0.0,0.0,0.0,0.0,0.0,0.0,0.0,0.0,0.0,0.0,0.0,0.0,0.0,0.0,0.0,0.0,0.0,0.0,0.0,0.0,0.0,0.0,0.0,0.0,0.0,0.0,0.0,0.0,0.0,0.0,0.0,0.0,0.0,0.0,0.0,0.0,0.0,0.0,0.0,0.0,0.0,0.0,0.0,0.0,0.0,0.0,0.0,0.0,0.0,0.0,0.0,0.0,0.0,0.0,0.0,0.0,0.0,0.0,0.0,0.0,0.0,0.0,0.0,0.0,0.0,0.0,0.0,0.0,0.0,0.0,0.0,0.0,0.0,0.0,0.0,0.0,0.0,0.0,0.0,0.0,0.0
32.1245212612823,104.747553351287,2.46201938253052,223.0,80.0,157.05016992025898,5.0,5.0,3.9861970443171817,3.1018751748235924e+18,0.0,0.0,0.0,0.0,0.0,0.0,0.0,0.0,0.0,0.0,0.0,0.0,0.0,0.0,0.0,0.0,0.0,0.0,0.0,0.0,0.0,0.0,0.0,0.0,0.0,0.0,0.0,0.0,0.0,0.0,0.0,0.0,0.0,0.0,0.0,0.0,0.0,0.0,0.0,0.0,0.0,0.0,0.0,0.0,0.0,0.0,0.0,0.0,0.0,0.0,0.0,0.0,0.0,0.0,0.0,0.0,0.0,0.0,0.0,0.0,0.0,0.0,0.0,0.0,0.0,0.0,0.0,0.0,0.0,0.0,0.0,0.0,0.0,0.0,0.0,0.0,0.0,0.0,0.0,0.0,0.0,1.0258509342131006e+16,2.0517018684262012e+16,4.399488961210047e+16,6.747276053993893e+16,9.625763957467584e+16,1.2504251860941275e+17,1.5083659896027834e+17,1.7663067931114394e+17,1.9153628799014662e+17,2.064418966691493e+17,2.0647835256712643e+17,2.0651480846510355e+17,1.9085084369316125e+17,1.7518687892121898e+17,1.4890800434330803e+17,1.2262912976539706e+17,9.720361988447568e+16,7.1778110003554344e+16,6.684062610555984e+16,6.190314220756532e+16,7.2154296921767e+16,8.240545163596869e+16,8.835349571534531e+16,9.430153979472192e+16,9.377039000427749e+16,9.323924021383306e+16,8.876942242223494e+16,8.429960463063685e+16,7.646734596084547e+16,6.863508729105411e+16,6.169383432360318e+16,5.475258135615226e+16,6.04731691346074e+16,6.619375691306253e+16,8.295138317924939e+16,9.970900944543629e+16,1.1805257529393555e+17,1.3639614114243483e+17,1.4943583529943923e+17,1.6247552945644362e+17,1.6591085680977197e+17,1.6934618416310035e+17,1.6152696735811014e+17,1.537077505531199e+17,1.3884424464017472e+17,1.239807387272295e+17,1.148320070314433e+17,1.0568327533565707e+17,1.083452959312065e+17,1.1100731652675587e+17,1.0922785986575974e+17,1.0744840320476363e+17,9.349140362381874e+16,7.953440404287386e+16,6.100252561034818e+16,4.247064717782249e+16,3.1118036474497308e+16,1.976542577117213e+16,1.6085785017889574e+16,1.2406144264607018e+16,6203072132303509.0,0.0,0.0,0.0,0.0,0.0,0.0,0.0,0.0,0.0,0.0,0.0,0.0,0.0,0.0,0.0,0.0,0.0,0.0,0.0,0.0,0.0,0.0,0.0,0.0,0.0,0.0,0.0,0.0,0.0,0.0,0.0,0.0,0.0,0.0,0.0,0.0,0.0,0.0,0.0,0.0,0.0,0.0,0.0,0.0,0.0,0.0,0.0,0.0,0.0,0.0,0.0,0.0,0.0,0.0,0.0,0.0,0.0,0.0,0.0,0.0,0.0,0.0,0.0,0.0,0.0,0.0,0.0,0.0,0.0,0.0,0.0,0.0,0.0,0.0,0.0,0.0,0.0,0.0,0.0,0.0,0.0,0.0,0.0,0.0,0.0,0.0,0.0,0.0,0.0,0.0,0.0,0.0,0.0,0.0,0.0,0.0,0.0,0.0
32.1336640510235,104.735953382274,7.18980823265266,223.0,65.0,151.18201396508368,5.0,5.0,2.8960956799893025,2.2536084377663956e+18,0.0,0.0,0.0,0.0,0.0,0.0,0.0,0.0,0.0,0.0,0.0,0.0,0.0,0.0,0.0,0.0,0.0,0.0,0.0,0.0,0.0,0.0,0.0,0.0,0.0,0.0,0.0,0.0,0.0,0.0,0.0,0.0,0.0,0.0,0.0,0.0,0.0,0.0,0.0,0.0,0.0,0.0,0.0,0.0,0.0,0.0,0.0,0.0,0.0,0.0,0.0,0.0,0.0,0.0,0.0,0.0,0.0,0.0,0.0,0.0,0.0,0.0,0.0,0.0,0.0,0.0,0.0,0.0,0.0,0.0,0.0,0.0,0.0,0.0,0.0,0.0,0.0,0.0,0.0,0.0,0.0,4556681740513708.0,9113363481027416.0,2.389574690301025e+16,3.867813032499308e+16,6.112639810092713e+16,8.357466587686118e+16,1.0532136649404269e+17,1.2706806711122418e+17,1.4129073721287974e+17,1.5551340731453533e+17,1.5715651313656384e+17,1.5879961895859242e+17,1.4671337660402966e+17,1.3462713424946685e+17,1.126139188819583e+17,9.060070351444976e+16,6.987908835608813e+16,4.915747319772652e+16,4.990686469679333e+16,5.065625619586014e+16,5.83726425871605e+16,6.608902897846085e+16,6.911115942342369e+16,7.213328986838653e+16,7.199398933707879e+16,7.185468880577106e+16,6.949082004909891e+16,6.7126951292426776e+16,6.177977651311604e+16,5.643260173380532e+16,4.759529594119454e+16,3.875799014858375e+16,3.4970229678626876e+16,3.118246920867e+16,4.2067468292353336e+16,5.295246737603667e+16,6.7781465327165e+16,8.261046327829333e+16,9.565717063433654e+16,1.0870387799037978e+17,1.1413416986761026e+17,1.1956446174484074e+17,1.1596351803799085e+17,1.1236257433114098e+17,1.0161390515200474e+17,9.08652359728685e+16,8.926776601639528e+16,8.767029605992205e+16,9.499526488694949e+16,1.0232023371397696e+17,1.0026894717258786e+17,9.821766063119877e+16,8.257158768919176e+16,6.692551474718474e+16,4.69914336562766e+16,2.7057352565368456e+16,1.4646676210404476e+16,2235999855440494.0,1496229547171767.2,756459238903041.0,378229619451520.5,0.0,0.0,0.0,0.0,0.0,0.0,0.0,0.0,0.0,0.0,0.0,0.0,0.0,0.0,0.0,0.0,0.0,0.0,0.0,0.0,0.0,0.0,0.0,0.0,0.0,0.0,0.0,0.0,0.0,0.0,0.0,0.0,0.0,0.0,0.0,0.0,0.0,0.0,0.0,0.0,0.0,0.0,0.0,0.0,0.0,0.0,0.0,0.0,0.0,0.0,0.0,0.0,0.0,0.0,0.0,0.0,0.0,0.0,0.0,0.0,0.0,0.0,0.0,0.0,0.0,0.0,0.0,0.0,0.0,0.0,0.0,0.0,0.0,0.0,0.0,0.0,0.0,0.0,0.0,0.0,0.0,0.0,0.0,0.0,0.0,0.0,0.0,0.0,0.0,0.0,0.0,0.0,0.0,0.0,0.0,0.0,0.0,0.0
32.1500003416943,104.715221406965,11.3706888080417,223.0,50.0,140.99592096471082,5.0,5.0,1.7050307504744568,1.3267764986047004e+18,0.0,0.0,0.0,0.0,0.0,0.0,0.0,0.0,0.0,0.0,0.0,0.0,0.0,0.0,0.0,0.0,0.0,0.0,0.0,0.0,0.0,0.0,0.0,0.0,0.0,0.0,0.0,0.0,0.0,0.0,0.0,0.0,0.0,0.0,0.0,0.0,0.0,0.0,0.0,0.0,0.0,0.0,0.0,0.0,0.0,0.0,0.0,0.0,0.0,0.0,0.0,0.0,0.0,0.0,0.0,0.0,0.0,0.0,0.0,0.0,0.0,0.0,0.0,0.0,0.0,0.0,0.0,0.0,0.0,0.0,0.0,0.0,0.0,0.0,0.0,0.0,0.0,0.0,0.0,0.0,0.0,0.0,0.0,4939144893870345.0,9878289787740690.0,2.19819650129782e+16,3.4085640238215708e+16,5.052315437046736e+16,6.696066850271901e+16,8.054214634555824e+16,9.412362418839744e+16,9.937852576228576e+16,1.046334273361741e+17,9.802738433299277e+16,9.142134132981144e+16,7.614610248485683e+16,6.087086363990222e+16,4.919163796789322e+16,3.75124122958842e+16,3.8402064207731864e+16,3.929171611957954e+16,3.95001252492562e+16,3.9708534378932856e+16,3.811051253637994e+16,3.6512490693827e+16,3.647081013187008e+16,3.642912956991316e+16,3.7453611350451656e+16,3.8478093130990136e+16,3.753597712566773e+16,3.659386112034533e+16,3.059455274261938e+16,2.459524436489343e+16,1.6319819180571016e+16,8044393996248597.0,8012530635206495.0,7980667274164394.0,1.6581861296780944e+16,2.5183055319397492e+16,3.630068169838114e+16,4.7418308077364776e+16,5.58781348151362e+16,6.433796155290762e+16,6.479380619297816e+16,6.524965083304872e+16,6.121160048793799e+16,5.717355014282727e+16,6.437717624649188e+16,7.158080235015648e+16,8.051399508721224e+16,8.944718782426798e+16,8.484113903306371e+16,8.023509024185947e+16,6.350600725836655e+16,4.677692427487363e+16,2.951524714756562e+16,1.225357002025761e+16,6126785010128805.0,0.0,0.0,0.0,0.0,0.0,0.0,0.0,0.0,0.0,0.0,0.0,0.0,0.0,0.0,0.0,0.0,0.0,0.0,0.0,0.0,0.0,0.0,0.0,0.0,0.0,0.0,0.0,0.0,0.0,0.0,0.0,0.0,0.0,0.0,0.0,0.0,0.0,0.0,0.0,0.0,0.0,0.0,0.0,0.0,0.0,0.0,0.0,0.0,0.0,0.0,0.0,0.0,0.0,0.0,0.0,0.0,0.0,0.0,0.0,0.0,0.0,0.0,0.0,0.0,0.0,0.0,0.0,0.0,0.0,0.0,0.0,0.0,0.0,0.0,0.0,0.0,0.0,0.0,0.0,0.0,0.0,0.0,0.0,0.0,0.0,0.0,0.0,0.0,0.0,0.0,0.0,0.0,0.0,0.0,0.0,0.0,0.0,0.0,0.0,0.0,0.0,0.0
32.1716025221761,104.687798849736,14.8927689400555,223.0,40.0,138.25094834841542,5.0,5.0,0.9194358630271092,7.154626945579972e+17,0.0,0.0,0.0,0.0,0.0,0.0,0.0,0.0,0.0,0.0,0.0,0.0,0.0,0.0,0.0,0.0,0.0,0.0,0.0,0.0,0.0,0.0,0.0,0.0,0.0,0.0,0.0,0.0,0.0,0.0,0.0,0.0,0.0,0.0,0.0,0.0,0.0,0.0,0.0,0.0,0.0,0.0,0.0,0.0,0.0,0.0,0.0,0.0,0.0,0.0,0.0,0.0,0.0,0.0,0.0,0.0,0.0,0.0,0.0,0.0,0.0,0.0,0.0,0.0,0.0,0.0,0.0,0.0,0.0,0.0,0.0,0.0,0.0,0.0,0.0,0.0,0.0,0.0,0.0,0.0,0.0,0.0,0.0,0.0,0.0,5179954824622274.0,1.0359909649244548e+16,2.2559452099894956e+16,3.475899455054536e+16,4.741303519861256e+16,6.006707584667976e+16,6.652219987844298e+16,7.297732391020618e+16,6.998597890457753e+16,6.699463389894887e+16,5.787605146773368e+16,4.875746903651848e+16,4.134182805872886e+16,3.3926187080939252e+16,2.9518818580954664e+16,2.5111450080970084e+16,2.028007925037935e+16,1.5448708419788622e+16,1.2175524727964962e+16,8902341036141299.0,8419557356866055.0,7936773677590811.0,9632901889626660.0,1.132903010166251e+16,1.1997139680447312e+16,1.266524925923211e+16,1.080168615840662e+16,8938123057581129.0,5373147434908748.0,1808171812236366.8,904085906118183.4,0.0,0.0,0.0,6222564511796190.0,1.244512902359238e+16,2.0083933156886704e+16,2.772273729018103e+16,3.01744575635498e+16,3.262617783691857e+16,3.312396538137925e+16,3.3621752925839936e+16,4.244603825118514e+16,5.127032357653033e+16,5.641945561282949e+16,6.156858764912863e+16,5.570427462296828e+16,4.983996159680795e+16,3.6707419247991e+16,2.3574876899174052e+16,1.3193291620356494e+16,2811706341538939.0,1405853170769469.5,0.0,0.0,0.0,0.0,0.0,0.0,0.0,0.0,0.0,0.0,0.0,0.0,0.0,0.0,0.0,0.0,0.0,0.0,0.0,0.0,0.0,0.0,0.0,0.0,0.0,0.0,0.0,0.0,0.0,0.0,0.0,0.0,0.0,0.0,0.0,0.0,0.0,0.0,0.0,0.0,0.0,0.0,0.0,0.0,0.0,0.0,0.0,0.0,0.0,0.0,0.0,0.0,0.0,0.0,0.0,0.0,0.0,0.0,0.0,0.0,0.0,0.0,0.0,0.0,0.0,0.0,0.0,0.0,0.0,0.0,0.0,0.0,0.0,0.0,0.0,0.0,0.0,0.0,0.0,0.0,0.0,0.0,0.0,0.0,0.0,0.0,0.0,0.0,0.0,0.0,0.0,0.0,0.0,0.0,0.0,0.0,0.0,0.0,0.0,0.0,0.0,0.0
32.1966276962709,104.656021611199,17.7497379642719,223.0,30.0,150.17642624517123,5.0,5.0,0.4912650331615806,3.822798506148166e+17,0.0,0.0,0.0,0.0,0.0,0.0,0.0,0.0,0.0,0.0,0.0,0.0,0.0,0.0,0.0,0.0,0.0,0.0,0.0,0.0,0.0,0.0,0.0,0.0,0.0,0.0,0.0,0.0,0.0,0.0,0.0,0.0,0.0,0.0,0.0,0.0,0.0,0.0,0.0,0.0,0.0,0.0,0.0,0.0,0.0,0.0,0.0,0.0,0.0,0.0,0.0,0.0,0.0,0.0,0.0,0.0,0.0,0.0,0.0,0.0,0.0,0.0,0.0,0.0,0.0,0.0,0.0,0.0,0.0,0.0,0.0,0.0,0.0,0.0,0.0,0.0,0.0,0.0,0.0,0.0,0.0,0.0,0.0,0.0,0.0,3267294950230076.5,6534589900460153.0,1.6890426811073058e+16,2.7246263721685956e+16,3.839398316113163e+16,4.9541702600577304e+16,5.512671873510167e+16,6.0711734869626024e+16,5.881321203748956e+16,5.691468920535311e+16,5.010102013672404e+16,4.328735106809496e+16,3.452018130925846e+16,2.5753011550421956e+16,1.8211552948216972e+16,1.0670094346011984e+16,5787270024257947.0,904445702503907.2,452222851251953.6,0.0,0.0,0.0,0.0,0.0,0.0,0.0,0.0,0.0,0.0,0.0,46000728947269.76,92001457894539.52,46000728947269.76,0.0,0.0,0.0,3048405947263413.5,6096811894526827.0,7547613312367923.0,8998414730209020.0,1.0972060299780408e+16,1.2945705869351794e+16,1.800666049446019e+16,2.3067615119568588e+16,2.440661461886871e+16,2.5745614118168836e+16,2.185299058285821e+16,1.796036704754758e+16,1.1884902230180826e+16,5809437412814075.0,2904718706407037.5,0.0,0.0,0.0,0.0,0.0,0.0,0.0,0.0,0.0,0.0,0.0,0.0,0.0,0.0,0.0,0.0,0.0,0.0,0.0,0.0,0.0,0.0,0.0,0.0,0.0,0.0,0.0,0.0,0.0,0.0,0.0,0.0,0.0,0.0,0.0,0.0,0.0,0.0,0.0,0.0,0.0,0.0,0.0,0.0,0.0,0.0,0.0,0.0,0.0,0.0,0.0,0.0,0.0,0.0,0.0,0.0,0.0,0.0,0.0,0.0,0.0,0.0,0.0,0.0,0.0,0.0,0.0,0.0,0.0,0.0,0.0,0.0,0.0,0.0,0.0,0.0,0.0,0.0,0.0,0.0,0.0,0.0,0.0,0.0,0.0,0.0,0.0,0.0,0.0,0.0,0.0,0.0,0.0,0.0,0.0,0.0,0.0,0.0,0.0,0.0,0.0,0.0,0.0,0.0
32.2238035838339,104.621502871664,20.0562836186236,223.0,25.0,171.27280096420444,5.0,5.0,0.337394473335387,2.6254485900382477e+17,0.0,0.0,0.0,0.0,0.0,0.0,0.0,0.0,0.0,0.0,0.0,0.0,0.0,0.0,0.0,0.0,0.0,0.0,0.0,0.0,0.0,0.0,0.0,0.0,0.0,0.0,0.0,0.0,0.0,0.0,0.0,0.0,0.0,0.0,0.0,0.0,0.0,0.0,0.0,0.0,0.0,0.0,0.0,0.0,0.0,0.0,0.0,0.0,0.0,0.0,0.0,0.0,0.0,0.0,0.0,0.0,0.0,0.0,0.0,0.0,0.0,0.0,0.0,0.0,0.0,0.0,0.0,0.0,0.0,0.0,0.0,0.0,0.0,0.0,0.0,0.0,0.0,0.0,0.0,0.0,0.0,0.0,0.0,64727532381837.93,129455064763675.86,5984298203195993.0,1.183914134162831e+16,2.2445583607981444e+16,3.3052025874334572e+16,4.249726607691207e+16,5.1942506279489576e+16,5.4922547864208136e+16,5.790258944892669e+16,5.461296779886544e+16,5.132334614880418e+16,4.2900474333533336e+16,3.447760251826249e+16,2.372165888735671e+16,1.296571525645093e+16,6862997415373272.0,760279574295613.4,380139787147806.7,0.0,0.0,0.0,0.0,0.0,0.0,0.0,0.0,0.0,0.0,0.0,0.0,0.0,0.0,0.0,0.0,0.0,0.0,0.0,0.0,0.0,0.0,0.0,878149119387123.1,1756298238774246.2,2617641748890930.5,3478985259007615.0,3197949629047258.5,2916913999086902.0,1458456999543451.0,0.0,0.0,0.0,0.0,0.0,0.0,0.0,0.0,0.0,0.0,0.0,0.0,0.0,0.0,0.0,0.0,0.0,0.0,0.0,0.0,0.0,0.0,0.0,0.0,0.0,0.0,0.0,0.0,0.0,0.0,0.0,0.0,0.0,0.0,0.0,0.0,0.0,0.0,0.0,0.0,0.0,0.0,0.0,0.0,0.0,0.0,0.0,0.0,0.0,0.0,0.0,0.0,0.0,0.0,0.0,0.0,0.0,0.0,0.0,0.0,0.0,0.0,0.0,0.0,0.0,0.0,0.0,0.0,0.0,0.0,0.0,0.0,0.0,0.0,0.0,0.0,0.0,0.0,0.0,0.0,0.0,0.0,0.0,0.0,0.0,0.0,0.0,0.0,0.0,0.0,0.0,0.0,0.0,0.0,0.0,0.0,0.0,0.0,0.0,0.0,0.0,0.0,0.0,0.0,0.0,0.0,0.0,0.0
32.2521090400449,104.585537766026,21.9678796312896,223.0,20.0,179.85373293489704,5.0,5.0,0.23164884738222605,1.8025847718586874e+17,0.0,0.0,0.0,0.0,0.0,0.0,0.0,0.0,0.0,0.0,0.0,0.0,0.0,0.0,0.0,0.0,0.0,0.0,0.0,0.0,0.0,0.0,0.0,0.0,0.0,0.0,0.0,0.0,0.0,0.0,0.0,0.0,0.0,0.0,0.0,0.0,0.0,0.0,0.0,0.0,0.0,0.0,0.0,0.0,0.0,0.0,0.0,0.0,0.0,0.0,0.0,0.0,0.0,0.0,0.0,0.0,0.0,0.0,0.0,0.0,0.0,0.0,0.0,0.0,0.0,0.0,0.0,0.0,0.0,0.0,0.0,0.0,0.0,0.0,0.0,0.0,0.0,0.0,0.0,0.0,0.0,0.0,0.0,717790803733344.8,1435581607466689.5,7433999723817749.0,1.343241784016881e+16,2.111964715723076e+16,2.8806876474292708e+16,3.4415557514108476e+16,4.002423855392424e+16,4.075647823963175e+16,4.1488717925339256e+16,3.706541446838626e+16,3.264211101143326e+16,2.5581799212913544e+16,1.852148741439382e+16,1.1214266886621876e+16,3907046358849932.0,1953523179424966.0,0.0,0.0,0.0,0.0,0.0,0.0,0.0,0.0,0.0,0.0,0.0,0.0,0.0,0.0,0.0,0.0,0.0,0.0,0.0,0.0,0.0,0.0,0.0,0.0,0.0,0.0,0.0,0.0,0.0,0.0,0.0,0.0,0.0,0.0,0.0,0.0,0.0,0.0,0.0,0.0,0.0,0.0,0.0,0.0,0.0,0.0,0.0,0.0,0.0,0.0,0.0,0.0,0.0,0.0,0.0,0.0,0.0,0.0,0.0,0.0,0.0,0.0,0.0,0.0,0.0,0.0,0.0,0.0,0.0,0.0,0.0,0.0,0.0,0.0,0.0,0.0,0.0,0.0,0.0,0.0,0.0,0.0,0.0,0.0,0.0,0.0,0.0,0.0,0.0,0.0,0.0,0.0,0.0,0.0,0.0,0.0,0.0,0.0,0.0,0.0,0.0,0.0,0.0,0.0,0.0,0.0,0.0,0.0,0.0,0.0,0.0,0.0,0.0,0.0,0.0,0.0,0.0,0.0,0.0,0.0,0.0,0.0,0.0,0.0,0.0,0.0,0.0,0.0,0.0,0.0,0.0,0.0,0.0,0.0,0.0,0.0,0.0,0.0,0.0,0.0
32.2813286432909,104.548399319127,23.46997760236,223.0,15.0,180.0,5.0,5.0,0.103138204273347,8.025740620812206e+16,0.0,0.0,0.0,0.0,0.0,0.0,0.0,0.0,0.0,0.0,0.0,0.0,0.0,0.0,0.0,0.0,0.0,0.0,0.0,0.0,0.0,0.0,0.0,0.0,0.0,0.0,0.0,0.0,0.0,0.0,0.0,0.0,0.0,0.0,0.0,0.0,0.0,0.0,0.0,0.0,0.0,0.0,0.0,0.0,0.0,0.0,0.0,0.0,0.0,0.0,0.0,0.0,0.0,0.0,0.0,0.0,0.0,0.0,0.0,0.0,0.0,0.0,0.0,0.0,0.0,0.0,0.0,0.0,0.0,0.0,0.0,0.0,0.0,0.0,0.0,0.0,0.0,0.0,0.0,0.0,0.0,0.0,0.0,1151267282868336.0,2302534565736672.0,5725542406390298.0,9148550247043922.0,1.2189314330030722e+16,1.523007841301752e+16,1.6863213735435118e+16,1.849634905785272e+16,1.7905328330083444e+16,1.7314307602314172e+16,1.4830047207202184e+16,1.23457868120902e+16,8809049035514804.0,5272311258939407.0,2709899755033432.0,147488251127457.44,73744125563728.72,0.0,0.0,0.0,0.0,0.0,0.0,0.0,0.0,0.0,0.0,0.0,0.0,0.0,0.0,0.0,0.0,0.0,0.0,0.0,0.0,0.0,0.0,0.0,0.0,0.0,0.0,0.0,0.0,0.0,0.0,0.0,0.0,0.0,0.0,0.0,0.0,0.0,0.0,0.0,0.0,0.0,0.0,0.0,0.0,0.0,0.0,0.0,0.0,0.0,0.0,0.0,0.0,0.0,0.0,0.0,0.0,0.0,0.0,0.0,0.0,0.0,0.0,0.0,0.0,0.0,0.0,0.0,0.0,0.0,0.0,0.0,0.0,0.0,0.0,0.0,0.0,0.0,0.0,0.0,0.0,0.0,0.0,0.0,0.0,0.0,0.0,0.0,0.0,0.0,0.0,0.0,0.0,0.0,0.0,0.0,0.0,0.0,0.0,0.0,0.0,0.0,0.0,0.0,0.0,0.0,0.0,0.0,0.0,0.0,0.0,0.0,0.0,0.0,0.0,0.0,0.0,0.0,0.0,0.0,0.0,0.0,0.0,0.0,0.0,0.0,0.0,0.0,0.0,0.0,0.0,0.0,0.0,0.0,0.0,0.0,0.0,0.0,0.0,0.0,0.0
32.311240014748,104.510379779235,24.5511456592836,223.0,10.0,90.0,5.0,5.0,0.0,0.0,0.0,0.0,0.0,0.0,0.0,0.0,0.0,0.0,0.0,0.0,0.0,0.0,0.0,0.0,0.0,0.0,0.0,0.0,0.0,0.0,0.0,0.0,0.0,0.0,0.0,0.0,0.0,0.0,0.0,0.0,0.0,0.0,0.0,0.0,0.0,0.0,0.0,0.0,0.0,0.0,0.0,0.0,0.0,0.0,0.0,0.0,0.0,0.0,0.0,0.0,0.0,0.0,0.0,0.0,0.0,0.0,0.0,0.0,0.0,0.0,0.0,0.0,0.0,0.0,0.0,0.0,0.0,0.0,0.0,0.0,0.0,0.0,0.0,0.0,0.0,0.0,0.0,0.0,0.0,0.0,0.0,0.0,0.0,0.0,0.0,0.0,0.0,0.0,0.0,0.0,0.0,0.0,0.0,0.0,0.0,0.0,0.0,0.0,0.0,0.0,0.0,0.0,0.0,0.0,0.0,0.0,0.0,0.0,0.0,0.0,0.0,0.0,0.0,0.0,0.0,0.0,0.0,0.0,0.0,0.0,0.0,0.0,0.0,0.0,0.0,0.0,0.0,0.0,0.0,0.0,0.0,0.0,0.0,0.0,0.0,0.0,0.0,0.0,0.0,0.0,0.0,0.0,0.0,0.0,0.0,0.0,0.0,0.0,0.0,0.0,0.0,0.0,0.0,0.0,0.0,0.0,0.0,0.0,0.0,0.0,0.0,0.0,0.0,0.0,0.0,0.0,0.0,0.0,0.0,0.0,0.0,0.0,0.0,0.0,0.0,0.0,0.0,0.0,0.0,0.0,0.0,0.0,0.0,0.0,0.0,0.0,0.0,0.0,0.0,0.0,0.0,0.0,0.0,0.0,0.0,0.0,0.0,0.0,0.0,0.0,0.0,0.0,0.0,0.0,0.0,0.0,0.0,0.0,0.0,0.0,0.0,0.0,0.0,0.0,0.0,0.0,0.0,0.0,0.0,0.0,0.0,0.0,0.0,0.0,0.0,0.0,0.0,0.0,0.0,0.0,0.0,0.0,0.0,0.0,0.0,0.0,0.0,0.0,0.0,0.0
32.0916351520106,104.711297194986,2.46201938253052,223.0,80.0,161.2664011906733,5.0,5.0,3.9433185102862387,3.0685090720532777e+18,0.0,0.0,0.0,0.0,0.0,0.0,0.0,0.0,0.0,0.0,0.0,0.0,0.0,0.0,0.0,0.0,0.0,0.0,0.0,0.0,0.0,0.0,0.0,0.0,0.0,0.0,0.0,0.0,0.0,0.0,0.0,0.0,0.0,0.0,0.0,0.0,0.0,0.0,0.0,0.0,0.0,0.0,0.0,0.0,0.0,0.0,0.0,0.0,0.0,0.0,0.0,0.0,0.0,0.0,0.0,0.0,0.0,0.0,0.0,0.0,0.0,0.0,0.0,0.0,0.0,0.0,0.0,0.0,0.0,0.0,0.0,0.0,0.0,0.0,0.0,0.0,0.0,0.0,0.0,5908348945805838.0,1.1816697891611676e+16,2.6852052358401824e+16,4.188740682519197e+16,6.659842067110758e+16,9.130943451702322e+16,1.1970083820784869e+17,1.4809224189867414e+17,1.7228090649591254e+17,1.964695710931509e+17,2.1034359671160144e+17,2.2421762233005194e+17,2.2349269024289888e+17,2.2276775815574576e+17,2.065864063813555e+17,1.9040505460696522e+17,1.632987370144864e+17,1.3619241942200757e+17,1.0779416981855128e+17,7.939592021509499e+16,6.800490564613955e+16,5.6613891077184104e+16,6.5376373628421816e+16,7.413885617965952e+16,7.986237224285398e+16,8.558588830604845e+16,8.497994840793757e+16,8.437400850982666e+16,7.856052746260219e+16,7.274704641537771e+16,6.417283889435776e+16,5.559863137333781e+16,4.8031280557024376e+16,4.046392974071096e+16,4.627119886716322e+16,5.207846799361548e+16,6.7996458626489384e+16,8.391444925936328e+16,1.0218705746425926e+17,1.2045966566915525e+17,1.3610773176723437e+17,1.517557978653135e+17,1.5846568667978998e+17,1.651755754942665e+17,1.6099890853595194e+17,1.5682224157763738e+17,1.4341646155098944e+17,1.3001068152434149e+17,1.1730985861951424e+17,1.0460903571468699e+17,1.0213949588513941e+17,9.96699560555918e+16,9.590668979290946e+16,9.214342353022714e+16,7.810025999445392e+16,6.4057096458680696e+16,4.609863790458442e+16,2.814017935048814e+16,1.7868151176368042e+16,7596123002247940.0,3798061501123970.0,0.0,0.0,0.0,0.0,0.0,0.0,0.0,0.0,0.0,0.0,0.0,0.0,0.0,0.0,0.0,0.0,0.0,0.0,0.0,0.0,0.0,0.0,0.0,0.0,0.0,0.0,0.0,0.0,0.0,0.0,0.0,0.0,0.0,0.0,0.0,0.0,0.0,0.0,0.0,0.0,0.0,0.0,0.0,0.0,0.0,0.0,0.0,0.0,0.0,0.0,0.0,0.0,0.0,0.0,0.0,0.0,0.0,0.0,0.0,0.0,0.0,0.0,0.0,0.0,0.0,0.0,0.0,0.0,0.0,0.0,0.0,0.0,0.0,0.0,0.0,0.0,0.0,0.0,0.0,0.0,0.0,0.0,0.0,0.0,0.0,0.0,0.0,0.0,0.0,0.0,0.0,0.0,0.0,0.0,0.0,0.0,0.0,0.0,0.0,0.0
32.1007779417517,104.699694869581,7.18980823265266,223.0,65.0,156.11152424137256,5.0,5.0,2.905626051065077,2.2610245341404938e+18,0.0,0.0,0.0,0.0,0.0,0.0,0.0,0.0,0.0,0.0,0.0,0.0,0.0,0.0,0.0,0.0,0.0,0.0,0.0,0.0,0.0,0.0,0.0,0.0,0.0,0.0,0.0,0.0,0.0,0.0,0.0,0.0,0.0,0.0,0.0,0.0,0.0,0.0,0.0,0.0,0.0,0.0,0.0,0.0,0.0,0.0,0.0,0.0,0.0,0.0,0.0,0.0,0.0,0.0,0.0,0.0,0.0,0.0,0.0,0.0,0.0,0.0,0.0,0.0,0.0,0.0,0.0,0.0,0.0,0.0,0.0,0.0,0.0,0.0,0.0,0.0,0.0,0.0,0.0,2162729699355184.2,4325459398710368.5,1.3286891828887132e+16,2.22483242590639e+16,3.9454523579456424e+16,5.666072289984896e+16,7.829446597791206e+16,9.992820905597515e+16,1.2044565639637006e+17,1.4096310373676494e+17,1.5453098443856256e+17,1.6809886514036013e+17,1.6990566744727232e+17,1.7171246975418445e+17,1.596395368151689e+17,1.4756660387615328e+17,1.2556711426750752e+17,1.0356762465886173e+17,8.035089369352816e+16,5.713416272819464e+16,5.180930749424677e+16,4.648445226029889e+16,5.3721579216362744e+16,6.0958706172426584e+16,6.343222845751313e+16,6.590575074259967e+16,6.482979975010486e+16,6.3753848757610056e+16,6.072167314996887e+16,5.768949754232766e+16,5.214219777531756e+16,4.659489800830746e+16,3.775757183392893e+16,2.8920245659550384e+16,2.4842146013311708e+16,2.076404636707304e+16,3.0663791940783196e+16,4.056353751449336e+16,5.53096526872344e+16,7.005576785997544e+16,8.555553825531822e+16,1.0105530865066102e+17,1.1012612962165043e+17,1.1919695059263987e+17,1.1878724146503722e+17,1.1837753233743458e+17,1.0942839123149245e+17,1.0047925012555029e+17,9.445280590814774e+16,8.84263616907452e+16,9.178374798816726e+16,9.514113428558936e+16,9.189862079353629e+16,8.865610730148322e+16,7.285599535485011e+16,5.705588340821698e+16,3.78977963818051e+16,1.8739709355393228e+16,9369854677696614.0,0.0,0.0,0.0,0.0,0.0,0.0,0.0,0.0,0.0,0.0,0.0,0.0,0.0,0.0,0.0,0.0,0.0,0.0,0.0,0.0,0.0,0.0,0.0,0.0,0.0,0.0,0.0,0.0,0.0,0.0,0.0,0.0,0.0,0.0,0.0,0.0,0.0,0.0,0.0,0.0,0.0,0.0,0.0,0.0,0.0,0.0,0.0,0.0,0.0,0.0,0.0,0.0,0.0,0.0,0.0,0.0,0.0,0.0,0.0,0.0,0.0,0.0,0.0,0.0,0.0,0.0,0.0,0.0,0.0,0.0,0.0,0.0,0.0,0.0,0.0,0.0,0.0,0.0,0.0,0.0,0.0,0.0,0.0,0.0,0.0,0.0,0.0,0.0,0.0,0.0,0.0,0.0,0.0,0.0,0.0,0.0,0.0,0.0,0.0,0.0,0.0,0.0
32.1171142324225,104.678957806179,11.3706888080417,223.0,50.0,147.46784635412132,5.0,5.0,1.7589505239288028,1.3687343859972936e+18,0.0,0.0,0.0,0.0,0.0,0.0,0.0,0.0,0.0,0.0,0.0,0.0,0.0,0.0,0.0,0.0,0.0,0.0,0.0,0.0,0.0,0.0,0.0,0.0,0.0,0.0,0.0,0.0,0.0,0.0,0.0,0.0,0.0,0.0,0.0,0.0,0.0,0.0,0.0,0.0,0.0,0.0,0.0,0.0,0.0,0.0,0.0,0.0,0.0,0.0,0.0,0.0,0.0,0.0,0.0,0.0,0.0,0.0,0.0,0.0,0.0,0.0,0.0,0.0,0.0,0.0,0.0,0.0,0.0,0.0,0.0,0.0,0.0,0.0,0.0,0.0,0.0,0.0,0.0,0.0,0.0,1641236774998139.2,3282473549996278.5,1.0186249280910034e+16,1.7090025011823784e+16,2.9740235166807884e+16,4.2390445321791976e+16,5.8192356085608216e+16,7.399426684942445e+16,8.753358044590997e+16,1.0107289404239547e+17,1.0672459838394645e+17,1.123763027254974e+17,1.0699980147588362e+17,1.0162330022626981e+17,8.693357689229683e+16,7.224385355832384e+16,5.761922381288192e+16,4.299459406744e+16,3.9664590815470856e+16,3.6334587563501704e+16,3.664055849006806e+16,3.694652941663444e+16,3.5034992902063936e+16,3.3123456387493444e+16,3.1845170590078984e+16,3.0566884792664516e+16,3.1386954443652996e+16,3.220702409464147e+16,3.188970234587693e+16,3.157238059711239e+16,2.696016629232767e+16,2.234795198754295e+16,1.4921476186377462e+16,7495000385211971.0,5186949031662334.0,2878897678112698.5,1.1095892257142056e+16,1.9312886836171412e+16,3.204455291097362e+16,4.477621898577582e+16,5.644329784608092e+16,6.8110376706386024e+16,7.227297791983776e+16,7.643557913328952e+16,7.23945751214877e+16,6.835357110968585e+16,7.009460865970811e+16,7.18356462097304e+16,7.891375478574062e+16,8.599186336175086e+16,8.193320197235518e+16,7.787454058295949e+16,6.119823467671186e+16,4.452192877046422e+16,2.7751417407832944e+16,1.0980906045201662e+16,5490453022600831.0,0.0,0.0,0.0,0.0,0.0,0.0,0.0,0.0,0.0,0.0,0.0,0.0,0.0,0.0,0.0,0.0,0.0,0.0,0.0,0.0,0.0,0.0,0.0,0.0,0.0,0.0,0.0,0.0,0.0,0.0,0.0,0.0,0.0,0.0,0.0,0.0,0.0,0.0,0.0,0.0,0.0,0.0,0.0,0.0,0.0,0.0,0.0,0.0,0.0,0.0,0.0,0.0,0.0,0.0,0.0,0.0,0.0,0.0,0.0,0.0,0.0,0.0,0.0,0.0,0.0,0.0,0.0,0.0,0.0,0.0,0.0,0.0,0.0,0.0,0.0,0.0,0.0,0.0,0.0,0.0,0.0,0.0,0.0,0.0,0.0,0.0,0.0,0.0,0.0,0.0,0.0,0.0,0.0,0.0,0.0,0.0,0.0,0.0,0.0,0.0,0.0,0.0
32.1387164129044,104.651527667155,14.8927689400555,223.0,40.0,146.26640627667464,5.0,5.0,0.9226102781672116,7.179328783969284e+17,0.0,0.0,0.0,0.0,0.0,0.0,0.0,0.0,0.0,0.0,0.0,0.0,0.0,0.0,0.0,0.0,0.0,0.0,0.0,0.0,0.0,0.0,0.0,0.0,0.0,0.0,0.0,0.0,0.0,0.0,0.0,0.0,0.0,0.0,0.0,0.0,0.0,0.0,0.0,0.0,0.0,0.0,0.0,0.0,0.0,0.0,0.0,0.0,0.0,0.0,0.0,0.0,0.0,0.0,0.0,0.0,0.0,0.0,0.0,0.0,0.0,0.0,0.0,0.0,0.0,0.0,0.0,0.0,0.0,0.0,0.0,0.0,0.0,0.0,0.0,0.0,0.0,0.0,0.0,0.0,0.0,0.0,0.0,0.0,0.0,4605066696842916.0,9210133393685832.0,2.0858492810668156e+16,3.250685222765048e+16,4.566075335728597e+16,5.8814654486921464e+16,6.6342991557333736e+16,7.387132862774602e+16,7.232137821188528e+16,7.077142779602455e+16,6.222678673135197e+16,5.368214566667937e+16,4.395493814565293e+16,3.422773062462648e+16,2.7890552422303556e+16,2.1553374219980624e+16,1.6826220960198542e+16,1.209906770041646e+16,8609315298725854.0,5119562897035250.0,4334432713270640.5,3549302529506030.5,5123437704001553.0,6697572878497076.0,8561756188750047.0,1.0425939499003018e+16,9359962481804718.0,8293985464606421.0,5492358166242499.0,2690730867878576.5,1345365433939288.2,0.0,0.0,0.0,6128837519465297.0,1.2257675038930594e+16,2.2430996396964696e+16,3.260431775499879e+16,3.8108201359193176e+16,4.361208496338756e+16,4.202854095344449e+16,4.044499694350141e+16,4.4182626796663176e+16,4.792025664982494e+16,5.385436337865756e+16,5.97884701074902e+16,5.509569307866036e+16,5.040291604983055e+16,3.754701419137076e+16,2.4691112332910976e+16,1.3694176004353286e+16,2697239675795595.5,1348619837897797.8,0.0,0.0,0.0,0.0,0.0,0.0,0.0,0.0,0.0,0.0,0.0,0.0,0.0,0.0,0.0,0.0,0.0,0.0,0.0,0.0,0.0,0.0,0.0,0.0,0.0,0.0,0.0,0.0,0.0,0.0,0.0,0.0,0.0,0.0,0.0,0.0,0.0,0.0,0.0,0.0,0.0,0.0,0.0,0.0,0.0,0.0,0.0,0.0,0.0,0.0,0.0,0.0,0.0,0.0,0.0,0.0,0.0,0.0,0.0,0.0,0.0,0.0,0.0,0.0,0.0,0.0,0.0,0.0,0.0,0.0,0.0,0.0,0.0,0.0,0.0,0.0,0.0,0.0,0.0,0.0,0.0,0.0,0.0,0.0,0.0,0.0,0.0,0.0,0.0,0.0,0.0,0.0,0.0,0.0,0.0,0.0,0.0,0.0,0.0,0.0,0.0,0.0
32.1637415869992,104.61974110101,17.7497379642719,223.0,30.0,156.5068481772677,5.0,5.0,0.48752033033308306,3.793658951300099e+17,0.0,0.0,0.0,0.0,0.0,0.0,0.0,0.0,0.0,0.0,0.0,0.0,0.0,0.0,0.0,0.0,0.0,0.0,0.0,0.0,0.0,0.0,0.0,0.0,0.0,0.0,0.0,0.0,0.0,0.0,0.0,0.0,0.0,0.0,0.0,0.0,0.0,0.0,0.0,0.0,0.0,0.0,0.0,0.0,0.0,0.0,0.0,0.0,0.0,0.0,0.0,0.0,0.0,0.0,0.0,0.0,0.0,0.0,0.0,0.0,0.0,0.0,0.0,0.0,0.0,0.0,0.0,0.0,0.0,0.0,0.0,0.0,0.0,0.0,0.0,0.0,0.0,0.0,0.0,0.0,0.0,0.0,0.0,0.0,0.0,1686542405711938.0,3373084811423876.0,1.2551331906232158e+16,2.1729579001040444e+16,3.2745238677631812e+16,4.376089835422318e+16,5.047455665170848e+16,5.718821494919377e+16,5.66986110013629e+16,5.620900705353204e+16,4.981643244097656e+16,4.342385782842107e+16,3.390204199916745e+16,2.4380226169913824e+16,1.58527273581898e+16,7325228546465775.0,3662614273232887.5,0.0,0.0,0.0,0.0,0.0,0.0,0.0,0.0,0.0,0.0,0.0,0.0,0.0,0.0,0.0,0.0,0.0,639744631179303.6,1279489262358607.2,6711506255667322.0,1.2143523248976038e+16,1.5251720659514302e+16,1.8359918070052564e+16,1.697311410071399e+16,1.5586310131375412e+16,1.851734689110268e+16,2.1448383650829948e+16,2.3899694039407636e+16,2.6351004427985324e+16,2.300368080365356e+16,1.965635717932179e+16,1.3403584812109036e+16,7150812444896279.0,3575406222448139.5,0.0,0.0,0.0,0.0,0.0,0.0,0.0,0.0,0.0,0.0,0.0,0.0,0.0,0.0,0.0,0.0,0.0,0.0,0.0,0.0,0.0,0.0,0.0,0.0,0.0,0.0,0.0,0.0,0.0,0.0,0.0,0.0,0.0,0.0,0.0,0.0,0.0,0.0,0.0,0.0,0.0,0.0,0.0,0.0,0.0,0.0,0.0,0.0,0.0,0.0,0.0,0.0,0.0,0.0,0.0,0.0,0.0,0.0,0.0,0.0,0.0,0.0,0.0,0.0,0.0,0.0,0.0,0.0,0.0,0.0,0.0,0.0,0.0,0.0,0.0,0.0,0.0,0.0,0.0,0.0,0.0,0.0,0.0,0.0,0.0,0.0,0.0,0.0,0.0,0.0,0.0,0.0,0.0,0.0,0.0,0.0,0.0,0.0,0.0,0.0,0.0,0.0,0.0,0.0
32.1909174745621,104.585211906378,20.0562836186236,223.0,25.0,174.7446702024389,5.0,5.0,0.3019396274462259,2.3495552885579046e+17,0.0,0.0,0.0,0.0,0.0,0.0,0.0,0.0,0.0,0.0,0.0,0.0,0.0,0.0,0.0,0.0,0.0,0.0,0.0,0.0,0.0,0.0,0.0,0.0,0.0,0.0,0.0,0.0,0.0,0.0,0.0,0.0,0.0,0.0,0.0,0.0,0.0,0.0,0.0,0.0,0.0,0.0,0.0,0.0,0.0,0.0,0.0,0.0,0.0,0.0,0.0,0.0,0.0,0.0,0.0,0.0,0.0,0.0,0.0,0.0,0.0,0.0,0.0,0.0,0.0,0.0,0.0,0.0,0.0,0.0,0.0,0.0,0.0,0.0,0.0,0.0,0.0,0.0,0.0,0.0,0.0,0.0,0.0,0.0,0.0,3005194718008103.5,6010389436016207.0,1.4961256758566492e+16,2.3912124081116776e+16,3.364668374457158e+16,4.338124340802638e+16,4.776943177171621e+16,5.215762013540602e+16,5.0108579786346456e+16,4.805953943728686e+16,4.09440147668215e+16,3.382849009635613e+16,2.365709549705852e+16,1.3485700897760918e+16,6995010078949610.0,504319260138302.25,252159630069151.12,0.0,0.0,0.0,0.0,0.0,0.0,0.0,0.0,0.0,0.0,0.0,0.0,0.0,0.0,0.0,0.0,0.0,40711192072674.195,81422384145348.39,1680836821913059.5,3280251259680770.5,3810739701747447.5,4341228143814124.5,2945645747366398.0,1550063350918671.0,1844177604375627.8,2138291857832585.0,2181568482561952.5,2224845107291319.5,1112422553645659.8,0.0,0.0,0.0,0.0,0.0,0.0,0.0,0.0,0.0,0.0,0.0,0.0,0.0,0.0,0.0,0.0,0.0,0.0,0.0,0.0,0.0,0.0,0.0,0.0,0.0,0.0,0.0,0.0,0.0,0.0,0.0,0.0,0.0,0.0,0.0,0.0,0.0,0.0,0.0,0.0,0.0,0.0,0.0,0.0,0.0,0.0,0.0,0.0,0.0,0.0,0.0,0.0,0.0,0.0,0.0,0.0,0.0,0.0,0.0,0.0,0.0,0.0,0.0,0.0,0.0,0.0,0.0,0.0,0.0,0.0,0.0,0.0,0.0,0.0,0.0,0.0,0.0,0.0,0.0,0.0,0.0,0.0,0.0,0.0,0.0,0.0,0.0,0.0,0.0,0.0,0.0,0.0,0.0,0.0,0.0,0.0,0.0,0.0,0.0,0.0,0.0,0.0,0.0,0.0,0.0,0.0,0.0,0.0
32.2192229307731,104.549235674059,21.9678796312896,223.0,20.0,180.0,5.0,5.0,0.176451338920684,1.3730631518648592e+17,0.0,0.0,0.0,0.0,0.0,0.0,0.0,0.0,0.0,0.0,0.0,0.0,0.0,0.0,0.0,0.0,0.0,0.0,0.0,0.0,0.0,0.0,0.0,0.0,0.0,0.0,0.0,0.0,0.0,0.0,0.0,0.0,0.0,0.0,0.0,0.0,0.0,0.0,0.0,0.0,0.0,0.0,0.0,0.0,0.0,0.0,0.0,0.0,0.0,0.0,0.0,0.0,0.0,0.0,0.0,0.0,0.0,0.0,0.0,0.0,0.0,0.0,0.0,0.0,0.0,0.0,0.0,0.0,0.0,0.0,0.0,0.0,0.0,0.0,0.0,0.0,0.0,0.0,0.0,0.0,0.0,0.0,0.0,145617819294023.0,291235638588046.0,4341196597812329.5,8391157557036613.0,1.4992656022378752e+16,2.159415448772089e+16,2.651837027748819e+16,3.14425860672555e+16,3.201949026444879e+16,3.259639446164208e+16,2.9490555293495052e+16,2.6384716125348028e+16,2.0407603195126296e+16,1.443049026490456e+16,8303035424447375.0,2175580583990188.2,1087790291995094.1,0.0,0.0,0.0,0.0,0.0,0.0,0.0,0.0,0.0,0.0,0.0,0.0,0.0,0.0,0.0,0.0,0.0,0.0,0.0,0.0,0.0,0.0,0.0,0.0,0.0,0.0,0.0,0.0,0.0,0.0,0.0,0.0,0.0,0.0,0.0,0.0,0.0,0.0,0.0,0.0,0.0,0.0,0.0,0.0,0.0,0.0,0.0,0.0,0.0,0.0,0.0,0.0,0.0,0.0,0.0,0.0,0.0,0.0,0.0,0.0,0.0,0.0,0.0,0.0,0.0,0.0,0.0,0.0,0.0,0.0,0.0,0.0,0.0,0.0,0.0,0.0,0.0,0.0,0.0,0.0,0.0,0.0,0.0,0.0,0.0,0.0,0.0,0.0,0.0,0.0,0.0,0.0,0.0,0.0,0.0,0.0,0.0,0.0,0.0,0.0,0.0,0.0,0.0,0.0,0.0,0.0,0.0,0.0,0.0,0.0,0.0,0.0,0.0,0.0,0.0,0.0,0.0,0.0,0.0,0.0,0.0,0.0,0.0,0.0,0.0,0.0,0.0,0.0,0.0,0.0,0.0,0.0,0.0,0.0,0.0,0.0,0.0,0.0,0.0,0.0
32.2484425340192,104.512085674478,23.46997760236,223.0,15.0,180.0,5.0,5.0,0.0778430097918559,6.057384944157184e+16,0.0,0.0,0.0,0.0,0.0,0.0,0.0,0.0,0.0,0.0,0.0,0.0,0.0,0.0,0.0,0.0,0.0,0.0,0.0,0.0,0.0,0.0,0.0,0.0,0.0,0.0,0.0,0.0,0.0,0.0,0.0,0.0,0.0,0.0,0.0,0.0,0.0,0.0,0.0,0.0,0.0,0.0,0.0,0.0,0.0,0.0,0.0,0.0,0.0,0.0,0.0,0.0,0.0,0.0,0.0,0.0,0.0,0.0,0.0,0.0,0.0,0.0,0.0,0.0,0.0,0.0,0.0,0.0,0.0,0.0,0.0,0.0,0.0,0.0,0.0,0.0,0.0,0.0,0.0,0.0,0.0,0.0,0.0,537126617230538.25,1074253234461076.5,3843780641078593.5,6613308047696111.0,9390611034191926.0,1.216791402068774e+16,1.3705102972383922e+16,1.5242291924080104e+16,1.4606977577355624e+16,1.3971663230631144e+16,1.1405911587460338e+16,8840159944289532.0,5752209492007833.0,2664259039726134.0,1332129519863067.0,0.0,0.0,0.0,0.0,0.0,0.0,0.0,0.0,0.0,0.0,0.0,0.0,0.0,0.0,0.0,0.0,0.0,0.0,0.0,0.0,0.0,0.0,0.0,0.0,0.0,0.0,0.0,0.0,0.0,0.0,0.0,0.0,0.0,0.0,0.0,0.0,0.0,0.0,0.0,0.0,0.0,0.0,0.0,0.0,0.0,0.0,0.0,0.0,0.0,0.0,0.0,0.0,0.0,0.0,0.0,0.0,0.0,0.0,0.0,0.0,0.0,0.0,0.0,0.0,0.0,0.0,0.0,0.0,0.0,0.0,0.0,0.0,0.0,0.0,0.0,0.0,0.0,0.0,0.0,0.0,0.0,0.0,0.0,0.0,0.0,0.0,0.0,0.0,0.0,0.0,0.0,0.0,0.0,0.0,0.0,0.0,0.0,0.0,0.0,0.0,0.0,0.0,0.0,0.0,0.0,0.0,0.0,0.0,0.0,0.0,0.0,0.0,0.0,0.0,0.0,0.0,0.0,0.0,0.0,0.0,0.0,0.0,0.0,0.0,0.0,0.0,0.0,0.0,0.0,0.0,0.0,0.0,0.0,0.0,0.0,0.0,0.0,0.0,0.0,0.0,0.0,0.0
32.2783539054762,104.474057283661,24.5511456592836,223.0,10.0,90.0,5.0,5.0,0.0,0.0,0.0,0.0,0.0,0.0,0.0,0.0,0.0,0.0,0.0,0.0,0.0,0.0,0.0,0.0,0.0,0.0,0.0,0.0,0.0,0.0,0.0,0.0,0.0,0.0,0.0,0.0,0.0,0.0,0.0,0.0,0.0,0.0,0.0,0.0,0.0,0.0,0.0,0.0,0.0,0.0,0.0,0.0,0.0,0.0,0.0,0.0,0.0,0.0,0.0,0.0,0.0,0.0,0.0,0.0,0.0,0.0,0.0,0.0,0.0,0.0,0.0,0.0,0.0,0.0,0.0,0.0,0.0,0.0,0.0,0.0,0.0,0.0,0.0,0.0,0.0,0.0,0.0,0.0,0.0,0.0,0.0,0.0,0.0,0.0,0.0,0.0,0.0,0.0,0.0,0.0,0.0,0.0,0.0,0.0,0.0,0.0,0.0,0.0,0.0,0.0,0.0,0.0,0.0,0.0,0.0,0.0,0.0,0.0,0.0,0.0,0.0,0.0,0.0,0.0,0.0,0.0,0.0,0.0,0.0,0.0,0.0,0.0,0.0,0.0,0.0,0.0,0.0,0.0,0.0,0.0,0.0,0.0,0.0,0.0,0.0,0.0,0.0,0.0,0.0,0.0,0.0,0.0,0.0,0.0,0.0,0.0,0.0,0.0,0.0,0.0,0.0,0.0,0.0,0.0,0.0,0.0,0.0,0.0,0.0,0.0,0.0,0.0,0.0,0.0,0.0,0.0,0.0,0.0,0.0,0.0,0.0,0.0,0.0,0.0,0.0,0.0,0.0,0.0,0.0,0.0,0.0,0.0,0.0,0.0,0.0,0.0,0.0,0.0,0.0,0.0,0.0,0.0,0.0,0.0,0.0,0.0,0.0,0.0,0.0,0.0,0.0,0.0,0.0,0.0,0.0,0.0,0.0,0.0,0.0,0.0,0.0,0.0,0.0,0.0,0.0,0.0,0.0,0.0,0.0,0.0,0.0,0.0,0.0,0.0,0.0,0.0,0.0,0.0,0.0,0.0,0.0,0.0,0.0,0.0,0.0,0.0,0.0,0.0,0.0,0.0
32.0587490427389,104.675041038684,2.46201938253052,223.0,80.0,165.29482353682914,5.0,5.0,4.141621321946218,3.2228191981577375e+18,0.0,0.0,0.0,0.0,0.0,0.0,0.0,0.0,0.0,0.0,0.0,0.0,0.0,0.0,0.0,0.0,0.0,0.0,0.0,0.0,0.0,0.0,0.0,0.0,0.0,0.0,0.0,0.0,0.0,0.0,0.0,0.0,0.0,0.0,0.0,0.0,0.0,0.0,0.0,0.0,0.0,0.0,0.0,0.0,0.0,0.0,0.0,0.0,0.0,0.0,0.0,0.0,0.0,0.0,0.0,0.0,0.0,0.0,0.0,0.0,0.0,0.0,0.0,0.0,0.0,0.0,0.0,0.0,0.0,0.0,0.0,0.0,0.0,0.0,0.0,0.0,0.0,4423710805736904.0,8847421611473808.0,1.9170364662384916e+16,2.9493307713296024e+16,4.797937975330669e+16,6.646545179331734e+16,9.152580656990435e+16,1.1658616134649134e+17,1.4346470486903813e+17,1.7034324839158496e+17,1.9301073375804522e+17,2.1567821912450554e+17,2.2932496399229888e+17,2.4297170886009222e+17,2.432833443133809e+17,2.435949797666695e+17,2.2855159243684835e+17,2.135082051070273e+17,1.870959972768437e+17,1.606837894466602e+17,1.3059161937407474e+17,1.0049944930148928e+17,8.14996782835839e+16,6.249990726567855e+16,6.6313904190403624e+16,7.0127901115128696e+16,7.601480875605334e+16,8.190171639697797e+16,8.149910994895277e+16,8.109650350092757e+16,7.551686367957258e+16,6.993722385821759e+16,6.024926984214481e+16,5.0561315826072024e+16,4.130637615774206e+16,3.2051436489412092e+16,3.763312403960069e+16,4.321481158978928e+16,5.956960415456496e+16,7.592439671934064e+16,9.561882115156299e+16,1.1531324558378538e+17,1.3381834597583016e+17,1.5232344636787494e+17,1.6251560020522432e+17,1.7270775404257366e+17,1.7167184670552682e+17,1.7063593936848e+17,1.572711900859077e+17,1.4390644080333546e+17,1.2651410808632032e+17,1.0912177536930512e+17,9.880682259881931e+16,8.849186982833349e+16,8.147796344614438e+16,7.44640570639553e+16,6.0303930839782184e+16,4.614380461560908e+16,2.9933757252970964e+16,1.3723709890332854e+16,6861854945166427.0,0.0,0.0,0.0,0.0,0.0,0.0,0.0,0.0,0.0,0.0,0.0,0.0,0.0,0.0,0.0,0.0,0.0,0.0,0.0,0.0,0.0,0.0,0.0,0.0,0.0,0.0,0.0,0.0,0.0,0.0,0.0,0.0,0.0,0.0,0.0,0.0,0.0,0.0,0.0,0.0,0.0,0.0,0.0,0.0,0.0,0.0,0.0,0.0,0.0,0.0,0.0,0.0,0.0,0.0,0.0,0.0,0.0,0.0,0.0,0.0,0.0,0.0,0.0,0.0,0.0,0.0,0.0,0.0,0.0,0.0,0.0,0.0,0.0,0.0,0.0,0.0,0.0,0.0,0.0,0.0,0.0,0.0,0.0,0.0,0.0,0.0,0.0,0.0,0.0,0.0,0.0,0.0,0.0,0.0,0.0,0.0,0.0,0.0,0.0,0.0,0.0,0.0
32.06789183248,104.663436356888,7.18980823265266,223.0,65.0,161.00942829034858,5.0,5.0,3.2293624388029487,2.5129412992042696e+18,0.0,0.0,0.0,0.0,0.0,0.0,0.0,0.0,0.0,0.0,0.0,0.0,0.0,0.0,0.0,0.0,0.0,0.0,0.0,0.0,0.0,0.0,0.0,0.0,0.0,0.0,0.0,0.0,0.0,0.0,0.0,0.0,0.0,0.0,0.0,0.0,0.0,0.0,0.0,0.0,0.0,0.0,0.0,0.0,0.0,0.0,0.0,0.0,0.0,0.0,0.0,0.0,0.0,0.0,0.0,0.0,0.0,0.0,0.0,0.0,0.0,0.0,0.0,0.0,0.0,0.0,0.0,0.0,0.0,0.0,0.0,0.0,0.0,0.0,0.0,0.0,0.0,2665801638983543.5,5331603277967087.0,1.0095005575214324e+16,1.4858407872461558e+16,2.7502330132994316e+16,4.014625239352707e+16,5.899961286655945e+16,7.785297333959182e+16,9.917362583524944e+16,1.2049427833090706e+17,1.4048435995879882e+17,1.6047444158669062e+17,1.7416965208730093e+17,1.8786486258791123e+17,1.90824180047096e+17,1.9378349750628086e+17,1.8391371680728525e+17,1.7404393610828957e+17,1.5303717633659254e+17,1.3203041656489554e+17,1.0701303397589552e+17,8.199565138689552e+16,6.834056927752784e+16,5.468548716816016e+16,5.754504615519538e+16,6.0404605142230584e+16,6.300149862664941e+16,6.559839211106822e+16,6.458447193397887e+16,6.357055175688952e+16,6.068880939442913e+16,5.7807067031968744e+16,5.156696084329139e+16,4.532685465461404e+16,3.5785923772240588e+16,2.624499288986713e+16,2.209556640374483e+16,1.7946139917622538e+16,2.7519486247856956e+16,3.709283257809138e+16,5.3752248866776216e+16,7.041166515546105e+16,8.877252847214779e+16,1.0713339178883454e+17,1.2050048209084264e+17,1.3386757239285078e+17,1.3681923502775904e+17,1.397708976626673e+17,1.3100976887378795e+17,1.2224864008490858e+17,1.0982234670460733e+17,9.739605332430608e+16,9.333953362963754e+16,8.928301393496896e+16,8.36033086527454e+16,7.792360337052186e+16,6.202061698092584e+16,4.611763059132981e+16,2.8676608641910068e+16,1.1235586692490324e+16,5617793346245162.0,0.0,0.0,0.0,0.0,0.0,0.0,0.0,0.0,0.0,0.0,0.0,0.0,0.0,0.0,0.0,0.0,0.0,0.0,0.0,0.0,0.0,0.0,0.0,0.0,0.0,0.0,0.0,0.0,0.0,0.0,0.0,0.0,0.0,0.0,0.0,0.0,0.0,0.0,0.0,0.0,0.0,0.0,0.0,0.0,0.0,0.0,0.0,0.0,0.0,0.0,0.0,0.0,0.0,0.0,0.0,0.0,0.0,0.0,0.0,0.0,0.0,0.0,0.0,0.0,0.0,0.0,0.0,0.0,0.0,0.0,0.0,0.0,0.0,0.0,0.0,0.0,0.0,0.0,0.0,0.0,0.0,0.0,0.0,0.0,0.0,0.0,0.0,0.0,0.0,0.0,0.0,0.0,0.0,0.0,0.0,0.0,0.0,0.0,0.0,0.0,0.0,0.0
32.0842281231508,104.642694205393,11.3706888080417,223.0,50.0,155.07073118767627,5.0,5.0,2.018258700675047,1.5705160809650906e+18,0.0,0.0,0.0,0.0,0.0,0.0,0.0,0.0,0.0,0.0,0.0,0.0,0.0,0.0,0.0,0.0,0.0,0.0,0.0,0.0,0.0,0.0,0.0,0.0,0.0,0.0,0.0,0.0,0.0,0.0,0.0,0.0,0.0,0.0,0.0,0.0,0.0,0.0,0.0,0.0,0.0,0.0,0.0,0.0,0.0,0.0,0.0,0.0,0.0,0.0,0.0,0.0,0.0,0.0,0.0,0.0,0.0,0.0,0.0,0.0,0.0,0.0,0.0,0.0,0.0,0.0,0.0,0.0,0.0,0.0,0.0,0.0,0.0,0.0,0.0,0.0,0.0,941157831200928.6,1882315662401857.2,1512248184743770.0,1142180707085682.5,5809798797040116.0,1.0477416886994552e+16,1.873909703902416e+16,2.7000777191053772e+16,3.959641772409964e+16,5.219205825714552e+16,6.768501514847532e+16,8.317797203980514e+16,9.796013346750936e+16,1.127422948952136e+17,1.2059924394740784e+17,1.284561929996021e+17,1.2599557534552542e+17,1.2353495769144872e+17,1.1094547529874272e+17,9.835599290603672e+16,8.169610683005717e+16,6.503622075407765e+16,5.391157546234606e+16,4.278693017061448e+16,3.962623951721767e+16,3.646554886382085e+16,3.452160915374772e+16,3.2577669443674588e+16,3.1676791434528268e+16,3.0775913425381944e+16,3.1478795023548876e+16,3.2181676621715804e+16,3.1792515410379624e+16,3.1403354199043444e+16,2.676745918071445e+16,2.2131564162385444e+16,1.504090135403541e+16,7950238545685376.0,4426078289879578.0,901918034073781.5,9751938292858076.0,1.8601958551642372e+16,3.5337790915778876e+16,5.2073623279915384e+16,6.842197097052749e+16,8.477031866113962e+16,9.264429572686075e+16,1.0051827279258192e+17,9.606644931116752e+16,9.161462582975312e+16,8.5245258972639e+16,7.887589211552491e+16,8.097829812050523e+16,8.308070412548554e+16,7.815012646065494e+16,7.321954879582437e+16,5.634710813940102e+16,3.947466748297768e+16,2.329397167798119e+16,7113275872984707.0,3556637936492353.5,0.0,0.0,0.0,0.0,0.0,0.0,0.0,0.0,0.0,0.0,0.0,0.0,0.0,0.0,0.0,0.0,0.0,0.0,0.0,0.0,0.0,0.0,0.0,0.0,0.0,0.0,0.0,0.0,0.0,0.0,0.0,0.0,0.0,0.0,0.0,0.0,0.0,0.0,0.0,0.0,0.0,0.0,0.0,0.0,0.0,0.0,0.0,0.0,0.0,0.0,0.0,0.0,0.0,0.0,0.0,0.0,0.0,0.0,0.0,0.0,0.0,0.0,0.0,0.0,0.0,0.0,0.0,0.0,0.0,0.0,0.0,0.0,0.0,0.0,0.0,0.0,0.0,0.0,0.0,0.0,0.0,0.0,0.0,0.0,0.0,0.0,0.0,0.0,0.0,0.0,0.0,0.0,0.0,0.0,0.0,0.0,0.0,0.0,0.0,0.0,0.0,0.0
32.1058303036327,104.615256484574,14.8927689400555,223.0,40.0,155.7229041265685,5.0,5.0,1.1347351624878093,8.829987056305388e+17,0.0,0.0,0.0,0.0,0.0,0.0,0.0,0.0,0.0,0.0,0.0,0.0,0.0,0.0,0.0,0.0,0.0,0.0,0.0,0.0,0.0,0.0,0.0,0.0,0.0,0.0,0.0,0.0,0.0,0.0,0.0,0.0,0.0,0.0,0.0,0.0,0.0,0.0,0.0,0.0,0.0,0.0,0.0,0.0,0.0,0.0,0.0,0.0,0.0,0.0,0.0,0.0,0.0,0.0,0.0,0.0,0.0,0.0,0.0,0.0,0.0,0.0,0.0,0.0,0.0,0.0,0.0,0.0,0.0,0.0,0.0,0.0,0.0,0.0,0.0,0.0,0.0,0.0,0.0,0.0,0.0,0.0,0.0,0.0,0.0,5153957578012664.0,1.0307915156025328e+16,2.213464896898264e+16,3.3961382781939956e+16,4.823754128823989e+16,6.2513699794539816e+16,7.328180542194942e+16,8.404991104935904e+16,8.626564489183221e+16,8.84813787343054e+16,8.191929590998909e+16,7.535721308567277e+16,6.415005034468496e+16,5.294288760369715e+16,4.112098637955559e+16,2.9299085155414028e+16,2.105618956594551e+16,1.2813293976476996e+16,9139902843181606.0,5466511709886213.0,4687471327661174.0,3908430945436135.5,5868134380421077.0,7827837815406018.0,9785314339214456.0,1.1742790863022896e+16,1.0808070757690898e+16,9873350652358902.0,6702402225226843.0,3531453798094784.5,1765726899047392.2,0.0,0.0,0.0,9893579530854766.0,1.9787159061709532e+16,3.531330857005715e+16,5.083945807840475e+16,5.960026661808435e+16,6.836107515776394e+16,6.484248716268386e+16,6.132389916760377e+16,5.674201620213972e+16,5.216013323667566e+16,5.562933297029133e+16,5.909853270390701e+16,5.518730703022262e+16,5.127608135653825e+16,3.826866187011861e+16,2.526124238369898e+16,1.403761187315017e+16,2813981362601363.0,1406990681300681.5,0.0,0.0,0.0,0.0,0.0,0.0,0.0,0.0,0.0,0.0,0.0,0.0,0.0,0.0,0.0,0.0,0.0,0.0,0.0,0.0,0.0,0.0,0.0,0.0,0.0,0.0,0.0,0.0,0.0,0.0,0.0,0.0,0.0,0.0,0.0,0.0,0.0,0.0,0.0,0.0,0.0,0.0,0.0,0.0,0.0,0.0,0.0,0.0,0.0,0.0,0.0,0.0,0.0,0.0,0.0,0.0,0.0,0.0,0.0,0.0,0.0,0.0,0.0,0.0,0.0,0.0,0.0,0.0,0.0,0.0,0.0,0.0,0.0,0.0,0.0,0.0,0.0,0.0,0.0,0.0,0.0,0.0,0.0,0.0,0.0,0.0,0.0,0.0,0.0,0.0,0.0,0.0,0.0,0.0,0.0,0.0,0.0,0.0,0.0,0.0,0.0,0.0
32.1308554777275,104.583460590822,17.7497379642719,223.0,30.0,166.28124899373722,5.0,5.0,0.6445646746194703,5.015705798138393e+17,0.0,0.0,0.0,0.0,0.0,0.0,0.0,0.0,0.0,0.0,0.0,0.0,0.0,0.0,0.0,0.0,0.0,0.0,0.0,0.0,0.0,0.0,0.0,0.0,0.0,0.0,0.0,0.0,0.0,0.0,0.0,0.0,0.0,0.0,0.0,0.0,0.0,0.0,0.0,0.0,0.0,0.0,0.0,0.0,0.0,0.0,0.0,0.0,0.0,0.0,0.0,0.0,0.0,0.0,0.0,0.0,0.0,0.0,0.0,0.0,0.0,0.0,0.0,0.0,0.0,0.0,0.0,0.0,0.0,0.0,0.0,0.0,0.0,0.0,0.0,0.0,0.0,0.0,0.0,0.0,0.0,0.0,0.0,0.0,0.0,0.0,0.0,8446826573651781.0,1.6893653147303562e+16,3.00727396062268e+16,4.325182606515004e+16,5.324334010034197e+16,6.3234854135533896e+16,6.6096660168423736e+16,6.895846620131358e+16,6.482704552548832e+16,6.0695624849663064e+16,5.107471194471286e+16,4.145379903976266e+16,2.966537164281014e+16,1.7876944245857626e+16,1.0090279561594772e+16,2303614877331918.0,1151807438665959.0,0.0,0.0,0.0,0.0,0.0,0.0,0.0,469689568780425.25,939379137560850.5,858695956831825.8,778012776102800.9,389006388051400.44,0.0,0.0,0.0,4481078007533130.0,8962156015066260.0,1.889324779625594e+16,2.882433957744562e+16,3.4120326434853136e+16,3.941631329226066e+16,3.5257189898540996e+16,3.109806650482134e+16,2.607330360842314e+16,2.1048540712024936e+16,2.370561789776245e+16,2.6362695083499956e+16,2.374251363593633e+16,2.1122332188372704e+16,1.4736147076570254e+16,8349961964767801.0,4174980982383900.5,0.0,0.0,0.0,0.0,0.0,0.0,0.0,0.0,0.0,0.0,0.0,0.0,0.0,0.0,0.0,0.0,0.0,0.0,0.0,0.0,0.0,0.0,0.0,0.0,0.0,0.0,0.0,0.0,0.0,0.0,0.0,0.0,0.0,0.0,0.0,0.0,0.0,0.0,0.0,0.0,0.0,0.0,0.0,0.0,0.0,0.0,0.0,0.0,0.0,0.0,0.0,0.0,0.0,0.0,0.0,0.0,0.0,0.0,0.0,0.0,0.0,0.0,0.0,0.0,0.0,0.0,0.0,0.0,0.0,0.0,0.0,0.0,0.0,0.0,0.0,0.0,0.0,0.0,0.0,0.0,0.0,0.0,0.0,0.0,0.0,0.0,0.0,0.0,0.0,0.0,0.0,0.0,0.0,0.0,0.0,0.0,0.0,0.0,0.0,0.0,0.0,0.0,0.0,0.0
32.1580313652904,104.548920941092,20.0562836186236,223.0,25.0,177.5960128535637,5.0,5.0,0.35690280533140695,2.7772534557985565e+17,0.0,0.0,0.0,0.0,0.0,0.0,0.0,0.0,0.0,0.0,0.0,0.0,0.0,0.0,0.0,0.0,0.0,0.0,0.0,0.0,0.0,0.0,0.0,0.0,0.0,0.0,0.0,0.0,0.0,0.0,0.0,0.0,0.0,0.0,0.0,0.0,0.0,0.0,0.0,0.0,0.0,0.0,0.0,0.0,0.0,0.0,0.0,0.0,0.0,0.0,0.0,0.0,0.0,0.0,0.0,0.0,0.0,0.0,0.0,0.0,0.0,0.0,0.0,0.0,0.0,0.0,0.0,0.0,0.0,0.0,0.0,0.0,0.0,0.0,0.0,0.0,0.0,0.0,0.0,0.0,0.0,0.0,0.0,0.0,0.0,710214772240567.1,1420429544481134.2,8511005716128128.0,1.560158188777512e+16,2.6093900023482212e+16,3.6586218159189304e+16,4.395617279224447e+16,5.132612742529963e+16,5.201449818259539e+16,5.270286893989116e+16,4.743272534303369e+16,4.216258174617621e+16,3.3229622499121784e+16,2.4296663252067364e+16,1.5947493852194846e+16,7598324452322326.0,3799162226161163.0,0.0,0.0,0.0,0.0,0.0,0.0,0.0,0.0,0.0,0.0,0.0,0.0,0.0,0.0,0.0,0.0,0.0,2245689360790424.5,4491378721580849.0,8177514728685157.0,1.1863650735789466e+16,1.3455846349885396e+16,1.5048041963981326e+16,1.1685671477409766e+16,8323300990838207.0,5193737006457677.0,2064173022077145.8,2618193240379451.5,3172213458681757.0,2120002369193193.0,1067791279704629.1,533895639852314.56,0.0,0.0,0.0,0.0,0.0,0.0,0.0,0.0,0.0,0.0,0.0,0.0,0.0,0.0,0.0,0.0,0.0,0.0,0.0,0.0,0.0,0.0,0.0,0.0,0.0,0.0,0.0,0.0,0.0,0.0,0.0,0.0,0.0,0.0,0.0,0.0,0.0,0.0,0.0,0.0,0.0,0.0,0.0,0.0,0.0,0.0,0.0,0.0,0.0,0.0,0.0,0.0,0.0,0.0,0.0,0.0,0.0,0.0,0.0,0.0,0.0,0.0,0.0,0.0,0.0,0.0,0.0,0.0,0.0,0.0,0.0,0.0,0.0,0.0,0.0,0.0,0.0,0.0,0.0,0.0,0.0,0.0,0.0,0.0,0.0,0.0,0.0,0.0,0.0,0.0,0.0,0.0,0.0,0.0,0.0,0.0,0.0,0.0,0.0,0.0,0.0,0.0,0.0,0.0,0.0,0.0
32.1863368215014,104.512933582092,21.9678796312896,223.0,20.0,180.0,5.0,5.0,0.168364964105729,1.3101387027872944e+17,0.0,0.0,0.0,0.0,0.0,0.0,0.0,0.0,0.0,0.0,0.0,0.0,0.0,0.0,0.0,0.0,0.0,0.0,0.0,0.0,0.0,0.0,0.0,0.0,0.0,0.0,0.0,0.0,0.0,0.0,0.0,0.0,0.0,0.0,0.0,0.0,0.0,0.0,0.0,0.0,0.0,0.0,0.0,0.0,0.0,0.0,0.0,0.0,0.0,0.0,0.0,0.0,0.0,0.0,0.0,0.0,0.0,0.0,0.0,0.0,0.0,0.0,0.0,0.0,0.0,0.0,0.0,0.0,0.0,0.0,0.0,0.0,0.0,0.0,0.0,0.0,0.0,0.0,0.0,0.0,0.0,0.0,0.0,0.0,0.0,1977975186868261.2,3955950373736522.5,9570230066289260.0,1.5184509758841998e+16,2.1441892917543676e+16,2.7699276076245348e+16,2.997394443944346e+16,3.224861280264157e+16,2.995109859068003e+16,2.76535843787185e+16,2.2739610271204308e+16,1.7825636163690122e+16,1.1966288246751492e+16,6106940329812862.0,3053470164906431.0,0.0,0.0,0.0,0.0,0.0,0.0,0.0,0.0,0.0,0.0,0.0,0.0,0.0,0.0,0.0,0.0,0.0,0.0,0.0,0.0,0.0,169680197521266.3,339360395042532.6,169680197521266.3,0.0,0.0,0.0,0.0,0.0,0.0,0.0,0.0,0.0,0.0,0.0,0.0,0.0,0.0,0.0,0.0,0.0,0.0,0.0,0.0,0.0,0.0,0.0,0.0,0.0,0.0,0.0,0.0,0.0,0.0,0.0,0.0,0.0,0.0,0.0,0.0,0.0,0.0,0.0,0.0,0.0,0.0,0.0,0.0,0.0,0.0,0.0,0.0,0.0,0.0,0.0,0.0,0.0,0.0,0.0,0.0,0.0,0.0,0.0,0.0,0.0,0.0,0.0,0.0,0.0,0.0,0.0,0.0,0.0,0.0,0.0,0.0,0.0,0.0,0.0,0.0,0.0,0.0,0.0,0.0,0.0,0.0,0.0,0.0,0.0,0.0,0.0,0.0,0.0,0.0,0.0,0.0,0.0,0.0,0.0,0.0,0.0,0.0,0.0,0.0,0.0,0.0,0.0,0.0,0.0,0.0,0.0,0.0,0.0,0.0,0.0,0.0,0.0,0.0,0.0,0.0
32.2155564247474,104.475772029829,23.46997760236,223.0,15.0,180.0,5.0,5.0,0.0609795071108579,4.745144737634252e+16,0.0,0.0,0.0,0.0,0.0,0.0,0.0,0.0,0.0,0.0,0.0,0.0,0.0,0.0,0.0,0.0,0.0,0.0,0.0,0.0,0.0,0.0,0.0,0.0,0.0,0.0,0.0,0.0,0.0,0.0,0.0,0.0,0.0,0.0,0.0,0.0,0.0,0.0,0.0,0.0,0.0,0.0,0.0,0.0,0.0,0.0,0.0,0.0,0.0,0.0,0.0,0.0,0.0,0.0,0.0,0.0,0.0,0.0,0.0,0.0,0.0,0.0,0.0,0.0,0.0,0.0,0.0,0.0,0.0,0.0,0.0,0.0,0.0,0.0,0.0,0.0,0.0,0.0,0.0,0.0,0.0,0.0,0.0,0.0,0.0,1575390642966562.0,3150781285933124.0,5968594462195809.0,8786407638458495.0,1.080277345703532e+16,1.2819139275612146e+16,1.2607394534275594e+16,1.2395649792939038e+16,1.019460172102273e+16,7993553649106421.0,5149734691699858.0,2305915734293293.5,1152957867146646.8,0.0,0.0,0.0,0.0,0.0,0.0,0.0,0.0,0.0,0.0,0.0,0.0,0.0,0.0,0.0,0.0,0.0,0.0,0.0,0.0,0.0,0.0,0.0,0.0,0.0,0.0,0.0,0.0,0.0,0.0,0.0,0.0,0.0,0.0,0.0,0.0,0.0,0.0,0.0,0.0,0.0,0.0,0.0,0.0,0.0,0.0,0.0,0.0,0.0,0.0,0.0,0.0,0.0,0.0,0.0,0.0,0.0,0.0,0.0,0.0,0.0,0.0,0.0,0.0,0.0,0.0,0.0,0.0,0.0,0.0,0.0,0.0,0.0,0.0,0.0,0.0,0.0,0.0,0.0,0.0,0.0,0.0,0.0,0.0,0.0,0.0,0.0,0.0,0.0,0.0,0.0,0.0,0.0,0.0,0.0,0.0,0.0,0.0,0.0,0.0,0.0,0.0,0.0,0.0,0.0,0.0,0.0,0.0,0.0,0.0,0.0,0.0,0.0,0.0,0.0,0.0,0.0,0.0,0.0,0.0,0.0,0.0,0.0,0.0,0.0,0.0,0.0,0.0,0.0,0.0,0.0,0.0,0.0,0.0,0.0,0.0,0.0,0.0,0.0,0.0,0.0,0.0
32.2454677962045,104.437734788086,24.5511456592836,223.0,10.0,90.0,5.0,5.0,0.0,0.0,0.0,0.0,0.0,0.0,0.0,0.0,0.0,0.0,0.0,0.0,0.0,0.0,0.0,0.0,0.0,0.0,0.0,0.0,0.0,0.0,0.0,0.0,0.0,0.0,0.0,0.0,0.0,0.0,0.0,0.0,0.0,0.0,0.0,0.0,0.0,0.0,0.0,0.0,0.0,0.0,0.0,0.0,0.0,0.0,0.0,0.0,0.0,0.0,0.0,0.0,0.0,0.0,0.0,0.0,0.0,0.0,0.0,0.0,0.0,0.0,0.0,0.0,0.0,0.0,0.0,0.0,0.0,0.0,0.0,0.0,0.0,0.0,0.0,0.0,0.0,0.0,0.0,0.0,0.0,0.0,0.0,0.0,0.0,0.0,0.0,0.0,0.0,0.0,0.0,0.0,0.0,0.0,0.0,0.0,0.0,0.0,0.0,0.0,0.0,0.0,0.0,0.0,0.0,0.0,0.0,0.0,0.0,0.0,0.0,0.0,0.0,0.0,0.0,0.0,0.0,0.0,0.0,0.0,0.0,0.0,0.0,0.0,0.0,0.0,0.0,0.0,0.0,0.0,0.0,0.0,0.0,0.0,0.0,0.0,0.0,0.0,0.0,0.0,0.0,0.0,0.0,0.0,0.0,0.0,0.0,0.0,0.0,0.0,0.0,0.0,0.0,0.0,0.0,0.0,0.0,0.0,0.0,0.0,0.0,0.0,0.0,0.0,0.0,0.0,0.0,0.0,0.0,0.0,0.0,0.0,0.0,0.0,0.0,0.0,0.0,0.0,0.0,0.0,0.0,0.0,0.0,0.0,0.0,0.0,0.0,0.0,0.0,0.0,0.0,0.0,0.0,0.0,0.0,0.0,0.0,0.0,0.0,0.0,0.0,0.0,0.0,0.0,0.0,0.0,0.0,0.0,0.0,0.0,0.0,0.0,0.0,0.0,0.0,0.0,0.0,0.0,0.0,0.0,0.0,0.0,0.0,0.0,0.0,0.0,0.0,0.0,0.0,0.0,0.0,0.0,0.0,0.0,0.0,0.0,0.0,0.0,0.0,0.0,0.0,0.0
